id	PositiveTail 1	PositiveTail 2	PositiveTail 3	PositiveTail 4	PositiveTail 5	PositiveTail 6	PositiveTail 7	PositiveTail 8	PositiveTail 9	PositiveTail 10	PositiveTail 11	PositiveTail 12	PositiveTail 13	PositiveTail 14	PositiveTail 15	PositiveTail 16	PositiveTail 17	PositiveTail 18	PositiveTail 19	PositiveTail 20	PositiveTail 21	PositiveTail 22	PositiveTail 23	PositiveTail 24
Akitsuki et al., 2009-Pain > no pain; others	0	3	1	2	0	0	1	0	1	0	0	0	0	0	0	0	0	0	0	0	0	0	0	0
Akitsuki et al., 2009-Self + Other > Self; others	0	1	3	3	1	2	0	0	0	0	0	0	0	0	0	0	0	0	0	0	0	0	0	0
Anders et al., 2015-univariate analysis: friend minus pc; others	0	1	0	0	0	0	0	0	0	0	0	0	0	0	0	0	0	0	0	0	0	0	0	0
Arioli et al., 2017-Affective > Cooperative social interactions; others	0	0	0	3	0	0	0	0	0	0	0	0	0	0	0	0	0	0	0	0	0	0	0	0
Baek et al., 2017-Select > content; others	1	2	0	1	0	1	0	0	0	0	0	0	0	0	0	0	0	0	0	0	0	0	0	0
Baek et al., 2017-Share > content; others	1	1	1	1	0	1	0	0	0	0	0	0	0	0	0	0	0	0	0	0	0	0	0	0
Baek et al., 2017-Share > select; others	1	0	0	0	0	0	0	0	0	0	0	0	0	0	0	0	0	0	0	0	0	0	0	0
Balslev et al., 2006-Active conditions > passive conditions; others	0	0	0	0	0	0	0	0	0	0	0	0	0	0	0	0	0	0	0	0	0	0	0	0
Begliomini et al., 2017-FA > FT; others	0	0	0	0	0	0	0	0	0	0	0	0	0	0	0	0	0	0	0	0	0	0	0	0
Begliomini et al., 2017-FA_HL > PLD; others	0	0	0	0	0	0	0	0	0	0	0	0	0	0	0	0	0	0	0	0	0	0	0	0
Begliomini et al., 2017-FA_PLD > HL; others	0	1	0	0	1	0	0	0	0	0	0	0	0	0	0	0	0	0	0	0	0	0	0	0
Begliomini et al., 2017-HL > PLD; others	0	1	1	2	0	0	0	0	0	0	0	0	0	0	0	0	0	0	0	0	0	0	0	0
Begliomini et al., 2017-HL_FT > FA; others	0	0	0	0	0	0	0	0	0	0	0	0	0	0	0	0	0	0	0	0	0	0	0	0
Begliomini et al., 2017-PLD > HL; others	0	0	0	1	0	0	1	0	0	0	0	0	0	0	0	0	0	0	0	0	0	0	0	0
Begliomini et al., 2017-PLD_FA > FT; others	0	1	0	0	0	0	0	0	0	0	0	0	0	0	0	0	0	0	0	0	0	0	0	0
Begliomini et al., 2017-Stimulus*Direction; others	0	1	0	0	0	0	0	0	0	0	0	0	0	0	0	0	0	0	0	0	0	0	0	0
Benoit et al., 2010-Other > self; others	1	1	0	0	0	2	0	0	0	0	0	0	0	0	0	0	0	0	0	0	0	0	0	0
Benoit et al., 2010-Other > syllables; others	1	2	0	3	1	1	1	0	0	0	0	0	0	0	0	0	0	0	0	0	0	0	0	0
Bergström et al., 2014-New > old; others	0	0	0	0	0	0	0	0	0	0	0	0	0	0	0	0	0	0	0	0	0	0	0	0
Bergström et al., 2014-Old > new; others	1	0	0	1	1	0	0	1	0	0	0	0	0	1	0	0	0	0	0	0	0	0	0	0
Bitsch et al., 2018-Competitive > Cooperative; others	0	0	0	0	0	0	0	0	0	0	0	0	0	0	0	0	0	0	0	0	0	0	0	0
Bitsch et al., 2018-Cooperative > Competitive; others	0	0	0	0	0	0	0	0	0	0	0	0	0	0	0	0	0	0	0	0	0	0	0	0
Bitsch et al., 2018-Dynamic ToM-Value Competitive > Cooperative; others	0	0	0	0	0	0	0	0	0	0	0	0	0	0	0	0	0	0	0	0	0	0	0	0
Bitsch et al., 2018-Early phase Competitive > Cooperative; others	0	0	0	0	0	0	0	0	0	0	0	0	0	0	0	0	0	0	0	0	0	0	0	0
Blackwood et al., 2003-External > internal; others	0	0	0	0	0	0	0	0	0	0	0	0	0	0	0	0	0	0	0	0	0	0	0	0
Blackwood et al., 2003-Internal > external; others	0	0	1	0	0	0	0	1	0	0	0	0	0	0	0	0	0	0	0	0	0	0	0	0
Blackwood et al., 2003-Non-self-serving bias > Self-serving bias; others	0	0	1	0	0	0	0	0	0	0	0	0	0	0	0	0	0	0	0	0	0	0	0	0
Blackwood et al., 2003-Self-serving bias > Non-self-serving bias; others	0	0	0	0	0	0	0	0	0	0	0	0	0	0	0	0	0	0	0	0	0	0	0	0
Canessa et al., 2012-affective > cooperative social interactions; others	0	0	0	4	0	0	0	0	0	0	0	0	0	0	0	0	0	0	0	0	0	0	0	0
Canessa et al., 2012-cooperative > affective social interactions; others	0	1	1	1	2	0	4	0	0	0	1	0	0	0	0	0	0	0	0	0	0	0	0	0
Canessa et al., 2012-observation of affective social interactions > landscape pictures; others	0	0	0	2	0	0	0	0	0	0	0	0	0	0	0	0	0	0	0	0	0	0	0	0
Canessa et al., 2012-observation of cooperative social interactions > landscape pictures; others	0	2	1	0	0	0	0	0	0	0	0	0	0	0	0	0	0	0	0	0	0	0	0	0
Canessa et al., 2012-observing cooperative + affective social interactions > landscape pictures; others	0	0	1	0	0	0	0	0	0	0	0	0	0	0	0	0	0	0	0	0	0	0	0	0
Carter et al., 2008-Angry > Happy; others	0	1	4	0	0	0	1	0	0	0	0	0	0	0	0	0	0	0	0	0	0	0	0	0
Carter et al., 2008-Happy > Angry; others	0	0	0	0	0	0	0	0	0	0	0	0	0	0	0	0	0	0	0	0	0	0	0	0
Cassidy et al., 2016-Black > White faces: A. Increased activation with less differentiation disparity; others	0	0	0	0	0	0	0	0	0	0	0	0	0	0	0	0	0	0	0	0	0	0	0	0
Cassidy et al., 2016-Black > White faces: A. Increased activation with less racial trust disparities; others	0	0	0	0	0	0	0	0	0	0	0	0	0	0	0	0	0	0	0	0	0	0	0	0
Cassidy et al., 2016-Black > White faces: A. Increased activation with more differentiation disparity; others	0	1	0	0	0	0	0	0	0	0	0	0	0	0	0	0	0	0	0	0	0	0	0	0
Cassidy et al., 2016-Black > White faces: A. Increased activation with more racial trust disparities; others	0	0	0	0	0	0	0	0	0	0	0	0	0	0	0	0	0	0	0	0	0	0	0	0
Cassidy et al., 2016-Black > White faces: B. Increased connectivity with orbitofrontal cortex (18, 66, 0) with less racial trust disparity; others	0	0	1	0	0	0	1	0	0	0	0	0	0	0	0	0	0	0	0	0	0	0	0	0
Cassidy et al., 2016-Black > White faces: B. Increassed connectivity with dorsolateral prefrontal seed (24, 42, 21) with less differentiation disparity; others	0	1	0	0	0	1	0	0	0	0	0	0	0	0	0	0	0	0	0	0	0	0	0	0
Centelles et al., 2011-social interactions > nonsocial interactions; others	0	3	1	2	1	1	1	1	0	0	0	0	0	0	0	0	0	0	0	0	0	0	0	0
Chauvigne et al., 2018-Activations: Leading > Following (Followers only); others	0	0	0	0	0	0	0	0	0	0	0	0	0	0	0	0	0	0	0	0	0	0	0	0
Chauvigne et al., 2018-Deactivations: Following > Leading (Followers only); others	1	1	2	0	0	0	0	0	1	0	0	0	0	0	0	0	0	0	0	0	0	0	0	0
Chauvigne et al., 2018-Deactivations: Following > Leading (Whole-group); others	1	1	1	0	0	0	0	0	1	0	0	0	0	0	0	0	0	0	0	0	0	0	0	0
Chauvigne et al., 2018a-Following > Conjunction; others	0	2	3	0	0	0	0	0	1	0	0	0	0	0	0	0	0	0	0	0	0	0	0	0
Chauvigne et al., 2018a-Leading + Following + Mutual > Solo + Alone); others	0	0	3	2	0	0	0	0	0	0	0	0	0	0	0	0	0	0	0	0	0	0	0	0
Chauvigne et al., 2018a-Leading + Solo > Mutual + Alone; others	0	1	0	1	0	0	0	0	0	0	0	0	0	0	0	0	0	0	0	0	0	0	0	0
Chauvigne et al., 2018a-Leading > Conjunction; others	0	1	0	0	0	0	0	0	0	0	0	0	0	0	0	0	0	0	0	0	0	0	0	0
Chauvigne et al., 2018a-Leading > Solo; others	0	0	0	0	0	0	0	0	0	0	0	0	0	0	0	0	0	0	0	0	0	0	0	0
Chauvigne et al., 2018a-Mutual > Conjunction; others	0	1	0	1	0	0	0	0	0	0	0	0	0	0	0	0	0	0	0	0	0	0	0	0
Chauvigne et al., 2018a-[Leading + Solo + Mutual + Alone] > Following; others	0	0	0	0	0	0	0	0	0	0	0	0	0	0	0	0	0	0	0	0	0	0	0	0
Chauvigne et al., 2018b-Activations: Leading > Following (Leaders only); others	0	0	0	1	0	0	0	1	0	0	0	0	0	0	0	0	0	0	0	0	0	0	0	0
Chauvigne et al., 2018b-Activations: Leading > Following (Whole-group); others	0	0	0	1	0	0	0	0	0	0	0	0	0	0	0	0	0	0	0	0	0	0	0	0
Chauvigne et al., 2018b-[Leading > Rest] and [Following > Rest] (followers only); others	0	0	0	0	0	0	0	0	0	0	0	0	0	0	0	0	0	0	0	0	0	0	0	0
Chauvigne et al., 2018b-[Leading > Rest] and [Following > Rest] (leaders only); others	0	2	1	0	0	0	0	0	0	0	0	0	0	0	0	0	0	0	0	0	0	0	0	0
Cheng et al., 2010-loved one > self; others	0	0	0	1	0	0	0	0	0	0	0	0	0	0	0	0	0	0	0	0	0	0	0	0
Cheng et al., 2010-loved one > stranger; others	0	0	0	1	0	0	0	0	0	0	0	0	0	0	0	0	0	0	0	0	0	0	0	0
Cheng et al., 2010-pain > no pain; others	0	0	0	3	1	0	0	0	0	1	0	0	0	0	0	0	0	0	0	0	0	0	0	0
Cheng et al., 2010-stranger > loved one; others	0	0	0	0	0	0	0	0	0	0	0	0	0	0	0	0	0	0	0	0	0	0	0	0
Cheng et al., 2010-stranger > self; others	0	2	1	0	0	0	0	0	0	0	0	0	0	0	0	0	0	0	0	0	0	0	0	0
Ciaramidaro et al., 2013-0 degrees  > 30 degrees; others	0	0	0	0	0	0	0	0	0	0	0	0	0	0	1	0	0	0	0	0	0	0	0	0
Ciaramidaro et al., 2013-CInt > Pint; others	0	4	1	1	0	0	1	0	0	0	0	0	0	0	0	0	0	0	0	0	0	0	0	0
Ciaramidaro et al., 2013-[(Cint 0 degrees > Cint 30 degrees) > (Pint 0 degrees > Pint 30 degrees)]; others	0	1	0	1	0	0	1	0	0	0	0	0	0	0	0	0	0	0	0	0	0	0	0	0
Ciaramidaro et al., 2013-[CInt > Pint ∩ (Cint 0 degrees > Cint 30 degrees) > (Pint 0 degrees > Pint 30 degrees)]; others	0	0	0	0	0	0	0	1	0	0	0	0	0	0	0	0	0	0	0	0	0	0	0	0
Cikara et al., 2011-Sexualized Female > (Clothed Female & Sexualized Male & Clothed Male); others	0	0	1	0	1	0	2	0	0	0	0	0	0	0	0	0	0	0	0	0	0	0	0	0
Cikara et al., 2014-Communication > moral (collapsing across self/other); others	0	1	0	3	2	0	2	0	0	1	0	0	0	0	0	0	0	0	0	0	0	0	0	0
Cikara et al., 2014-Moral > communication (collapsing across self/other); others	0	0	0	1	0	0	0	0	0	0	0	0	0	0	0	0	0	0	0	0	0	0	0	0
Cikara et al., 2014-Other > Self; others	3	4	0	0	0	2	0	0	0	0	0	0	0	0	0	0	0	0	0	0	0	0	0	0
Cikara et al., 2014-Other > self (collapsing across moral/communication); others	0	0	0	0	0	0	0	0	0	0	0	0	0	0	0	0	0	0	0	0	0	0	0	0
Cloutier et al., 2011-Incongruent > Congruent; others	1	2	2	2	1	2	1	1	0	0	0	0	0	0	0	0	0	0	0	0	0	0	0	0
Contreras et al., 2011-Categorical knowledge (non-social > social); others	0	1	0	0	0	0	0	0	0	0	0	0	0	0	0	0	0	1	0	0	0	0	0	0
Contreras et al., 2011-Categorical knowledge (social > non-social); others	1	1	1	3	0	1	0	0	0	0	0	0	0	0	0	0	0	0	0	0	0	0	0	0
Contreras et al., 2013-Belief > Photo (Experiment 2); others	1	1	1	1	0	1	0	0	0	0	0	0	0	0	0	0	0	0	0	0	0	0	0	0
Contreras et al., 2013-Group Mental > Group Physical (Experiment 1); others	1	1	1	2	0	1	0	0	0	0	0	0	0	0	0	0	0	0	0	0	0	0	0	0
Contreras et al., 2013-Individual Mental > Individual Physical (Experiment 2); others	1	1	0	1	1	1	0	0	0	0	0	0	0	0	0	0	0	0	0	0	0	0	0	0
Contreras et al., 2013-Member Mental > Member Physical  (Experiment 1); others	1	2	1	1	0	0	0	0	0	0	0	0	0	0	0	0	0	0	0	0	0	0	0	0
Cross et al., 2019-Main Effect of Agent:  Robot > Human; others	0	4	5	0	1	0	2	0	0	0	2	0	0	0	0	0	0	0	0	0	0	0	0	0
Cross et al., 2019-Main Effect of Agent: Human > Robot; others	1	0	0	0	0	0	0	0	0	0	0	0	0	0	0	0	0	0	0	0	0	0	0	0
Cross et al., 2019-Main Effect of Emotion (rAnE > rArE); others	0	0	1	0	0	0	0	0	0	0	0	0	0	0	0	0	0	0	0	0	0	0	0	0
Cross et al., 2019-novel Agent repeated Emotion > repeated Agent repeated Emotion; others	1	3	2	0	0	0	0	0	0	0	0	0	0	0	0	0	0	0	0	0	0	0	0	0
Decety et al., 2004-Competition versus cooperation; others	0	0	0	1	0	0	0	0	0	0	0	0	0	0	0	0	0	0	0	0	0	0	0	0
Decety et al., 2004-Competition versus independent; others	0	0	0	0	1	0	1	0	0	0	0	0	0	0	0	0	0	0	0	0	0	0	0	0
Decety et al., 2004-Cooperation versus competition; others	2	0	0	1	0	0	0	0	0	0	0	0	0	0	0	0	0	0	0	0	0	0	0	0
Decety et al., 2004-Cooperation versus independent; others	0	1	0	0	0	0	1	0	0	0	0	1	0	0	0	0	0	0	0	0	0	0	0	0
Deuse et al., 2016-Main effect of gender Female > Male; others	0	0	0	0	0	0	0	0	0	0	0	0	0	0	0	0	0	0	0	0	0	0	0	0
Deuse et al., 2016-Negative > Positive Social Scenes; others	0	0	0	2	2	0	2	0	0	0	0	0	0	0	0	0	0	0	0	0	0	0	0	0
Deuse et al., 2016-Non-Social > Social Scenes; others	0	1	0	0	0	0	0	0	0	0	0	0	0	0	0	0	0	0	0	0	0	0	0	0
Deuse et al., 2016-Positive > Negative Social Scenes; others	0	1	0	0	0	0	0	0	0	0	0	0	0	0	0	0	0	0	0	0	0	0	0	0
Deuse et al., 2016-Social > Non-Social Scenes; others	2	5	3	4	0	0	2	0	0	0	0	0	0	0	0	0	0	0	0	0	0	0	0	0
Di Cesare et al., 2013-How > What; others	0	0	0	0	0	0	0	0	0	0	0	0	0	0	0	0	0	0	0	0	0	0	0	0
Di Cesare et al., 2013-How > explicit baseline; others	0	1	1	1	0	0	0	0	0	0	0	0	0	0	0	0	0	1	0	0	0	0	0	0
Di Cesare et al., 2013-How > implicit baseline; others	0	3	3	1	1	0	0	0	0	0	0	0	1	0	0	0	0	0	0	0	0	0	0	0
Di Cesare et al., 2013-What > How; others	0	1	0	0	0	0	1	0	0	0	0	0	0	0	0	0	0	0	0	0	0	0	0	0
Di Cesare et al., 2013-What > explicit baseline; others	0	1	1	0	0	0	0	0	0	0	0	0	0	0	0	0	0	1	0	0	0	0	0	0
Di Cesare et al., 2013-What > implicit baseline; others	0	3	4	1	1	0	0	0	0	0	0	0	1	0	0	0	0	0	0	0	0	0	0	0
Di Cesare et al., 2013-What and How > explicit baseline; others	0	0	1	1	0	0	0	0	0	0	0	1	0	0	0	0	0	1	0	0	0	0	0	0
Di Cesare et al., 2013-What and How > implicit baseline; others	0	5	2	1	1	0	0	0	0	0	0	0	1	0	0	0	0	0	0	0	0	0	0	0
Dungan et al., 2016-Agent-behavior > object-behavior; others	1	0	1	0	0	0	0	0	0	0	0	0	0	0	0	0	0	0	0	0	0	0	0	0
Dungan et al., 2016-Agent-behavior: unexpected > expected; others	0	1	0	0	1	0	0	0	0	0	0	0	0	0	0	0	0	0	0	0	0	0	0	0
Dungan et al., 2016-Agent-mental > agent-behavior; others	0	0	0	0	0	0	0	0	0	0	0	0	0	0	0	0	0	0	0	0	0	0	0	0
Dungan et al., 2016-Agent-mental > object-behavior; others	1	2	0	1	0	0	0	0	0	0	0	0	0	0	0	0	0	0	0	0	0	0	0	0
Dungan et al., 2016-Agent-mental: unexpected > expected; others	0	0	0	0	0	0	0	0	0	0	0	0	0	0	0	0	0	0	0	0	0	0	0	0
Dungan et al., 2016-Object-behavior: unexpected > expected; others	0	0	0	0	0	0	0	1	0	0	0	0	0	0	0	0	0	0	0	0	0	0	0	0
Dungan et al., 2016-Social > non-social; others	1	1	1	1	0	0	0	0	0	0	0	0	0	0	0	0	0	0	0	0	0	0	0	0
Dungan et al., 2016-Unexpected > expected; others	0	2	0	1	1	0	1	0	0	1	0	0	0	0	0	0	0	0	0	0	0	0	0	0
Emmerling et al., 2016-Aggressive reaction to provoking opponent > non aggressive reaction to non-provoking opponent; others	0	0	0	0	0	0	1	0	0	0	0	0	0	0	0	0	0	0	0	0	0	0	0	0
Emmerling et al., 2016-Lost > Won; others	0	0	0	0	0	0	0	0	0	0	0	0	0	0	0	0	0	0	0	0	0	0	0	0
Emmerling et al., 2016-Lost against the non-provoking opponent > lost against the provoking opponent; others	0	1	0	0	0	0	0	0	0	0	0	0	0	0	0	0	0	0	0	0	0	0	0	0
Emmerling et al., 2016-Non aggressive reaction to non-provoking opponent > aggressive reaction to provoking opponent; others	0	0	0	0	0	1	0	0	0	0	0	0	0	0	0	0	0	0	0	0	0	0	0	0
Emmerling et al., 2016-Retaliation independent of opponent; others	0	0	0	0	0	0	0	0	0	0	0	0	0	0	0	0	0	0	0	0	0	0	0	0
Emmerling et al., 2016-Retaliation interacting with non-provoking opponent; others	0	1	0	0	0	0	0	0	0	0	0	0	0	0	0	0	0	0	0	0	0	0	0	0
Emmerling et al., 2016-Retaliation interacting with provoking opponent; others	0	0	0	0	0	0	0	0	0	0	0	0	0	0	0	0	0	0	0	0	0	0	0	0
Emmerling et al., 2016-Won > Lost; others	1	0	0	0	0	0	0	0	0	1	0	0	0	0	0	0	0	0	0	0	0	0	0	0
Emonds et al., 2014-Interaction effect between dispositional trust and social value orientation; others	1	0	0	1	0	0	0	0	0	0	0	0	0	0	0	0	0	0	0	0	0	0	0	0
Emonds et al., 2014-Main effect of social value orientation on decision-making; others	1	0	0	0	0	0	1	0	0	0	0	0	0	0	0	0	0	0	0	1	0	0	0	0
Ermer et al., 2006-Cards > Rest; others	0	2	0	1	0	0	0	1	0	0	1	0	0	0	0	0	0	0	0	0	0	0	0	0
Ermer et al., 2006-Cards: Descriptives > Precautions; others	0	0	0	0	0	0	0	0	0	0	0	0	0	0	0	0	0	0	0	0	0	0	0	0
Ermer et al., 2006-Cards: Descriptives > Social Contracts; others	1	0	0	0	0	0	1	1	0	0	0	0	0	0	0	0	0	0	0	0	0	0	0	0
Ermer et al., 2006-Cards: Precautions > Descriptives; others	0	0	0	0	0	0	0	0	0	0	0	0	0	0	0	0	0	0	0	0	0	0	0	0
Ermer et al., 2006-Cards: Precautions > Social Contracts; others	0	0	0	0	1	0	1	0	0	0	0	0	0	0	0	0	0	0	0	0	0	0	0	0
Ermer et al., 2006-Rest > Cards; others	0	0	0	1	0	0	0	0	0	0	0	0	0	0	0	0	0	0	0	0	0	0	0	0
Ermer et al., 2006-Rest > Stories; others	0	0	3	0	0	0	0	0	0	0	0	0	0	0	0	0	0	0	0	0	0	0	0	0
Ermer et al., 2006-Stories > Rest; others	0	2	0	1	0	0	0	2	0	0	0	0	0	0	0	0	0	0	0	0	0	0	0	0
Ermer et al., 2006-Stories: Descriptives > Precautions; others	0	0	0	0	0	0	0	0	0	0	0	0	0	0	0	0	1	0	0	0	0	0	0	0
Ermer et al., 2006-Stories: Precautions > Descriptives; others	0	0	0	0	0	0	0	0	0	0	0	0	0	0	0	0	0	0	0	0	0	0	0	0
Ermer et al., 2006-Stories: Precautions > Social Contracts; others	0	0	0	0	0	0	0	0	0	0	0	0	0	0	0	0	0	0	0	0	0	0	0	0
Ermer et al., 2006-Stories: Social Contracts > Descriptives; others	0	0	0	0	0	0	0	0	0	0	0	0	0	0	0	0	0	0	0	0	0	0	0	0
Ermer et al., 2006-Stories: Social Contracts > Precautions; others	0	0	0	0	0	0	0	0	0	0	0	0	0	0	0	0	0	0	0	0	0	0	0	0
Farrow et al., 2001-Conjunction analysis  Forgivability + Empathic; others	1	0	0	0	0	0	0	0	0	0	0	0	0	0	0	0	0	0	0	0	0	0	0	0
Farrow et al., 2001-Empathic > Forgivability; others	0	1	0	0	0	0	0	0	0	0	0	0	0	0	0	0	0	0	0	0	0	0	0	0
Farrow et al., 2001-Empathic > Social Reasoning; others	1	1	0	0	0	0	0	0	0	0	0	0	0	0	0	0	0	0	0	0	0	0	0	0
Farrow et al., 2001-Forgivability > Empathic; others	1	0	0	2	0	0	0	0	0	0	0	0	0	0	0	0	0	0	0	0	0	0	0	0
Farrow et al., 2001-Forgivability > Social Reasoning; others	1	0	0	1	0	0	0	0	0	0	0	0	0	0	0	0	0	0	0	0	0	0	0	0
Farrow et al., 2011-Social alliance vs. ‘number equal’; others	1	0	1	4	0	0	1	0	1	0	0	0	0	0	0	0	0	0	0	0	0	0	0	0
Farrow et al., 2011-Social hierarchy vs. fame, age, gender and ‘no. higher / lower’; others	0	0	0	0	0	0	0	0	0	0	0	0	0	0	0	0	0	0	0	0	0	0	0	0
Georgescu et al., 2013-(Contingent > Mirrored) > (Smooth > Rigid); others	0	0	0	0	0	0	0	0	0	0	0	0	0	0	0	0	0	0	0	0	0	0	0	0
Georgescu et al., 2013-Contingent > Mirrored; others	0	2	2	0	0	0	2	0	1	0	0	0	0	0	0	0	0	0	0	0	0	0	0	0
Georgescu et al., 2013-Mirrored > Contingent; others	0	1	0	0	0	0	0	0	0	0	0	0	0	0	0	0	0	0	0	0	0	0	0	0
Georgescu et al., 2013-Rigid > Smooth; others	0	0	0	0	0	0	0	0	0	0	0	0	0	0	0	0	0	0	0	0	0	0	0	0
Georgescu et al., 2013-meaningful videos > scrambled videos; others	0	3	2	2	2	0	2	0	0	0	0	0	0	0	0	0	0	0	0	0	0	0	0	0
Greven et al., 2016-Bodies > Names; others	0	3	3	0	0	0	0	0	1	0	0	0	0	0	0	0	0	0	0	0	0	0	0	0
Greven et al., 2016-Names > Bodies; others	0	1	0	1	0	1	1	0	0	0	0	0	0	0	0	0	0	1	0	0	0	0	0	0
Greven et al., 2016-Neutral > Traits; others	0	0	0	0	0	0	0	0	0	0	0	0	0	0	0	0	0	0	0	0	0	0	0	0
Greven et al., 2016-Traits > Neutral; others	2	4	0	2	1	2	0	0	0	0	0	0	0	0	0	0	0	0	0	0	0	0	0	0
Greven et al., 2016-[(BodiesTraits > BodiesNeutral) > (NamesTraits > NamesNeutral)]; others	0	1	0	1	0	0	0	0	0	0	0	0	0	0	0	0	0	0	0	0	0	0	0	0
Greven et al., 2016-[(NamesTraits > NamesNeutral) > (BodiesTraits > BodiesNeutral)]; others	0	0	0	0	0	0	0	0	0	0	0	0	0	0	0	0	0	0	0	0	0	0	0	0
Hanawa et al., 2016-imitation x difficulty > baseline; others	0	0	0	1	0	0	0	0	0	0	0	1	0	0	0	0	0	0	0	0	0	0	0	0
Hanawa et al., 2016-imitation x familiarity > baseline; others	1	0	0	0	0	0	0	0	0	0	0	0	0	0	0	0	0	0	0	0	0	0	0	0
Hanawa et al., 2016-imitation x rhythm > baseline; others	0	0	0	0	0	0	0	0	0	0	0	0	0	0	0	0	0	0	0	0	0	0	0	0
Hanawa et al., 2016-imitation x urge > baseline; others	0	0	0	0	0	0	0	0	0	0	0	0	0	0	0	0	0	0	0	0	0	0	0	0
Hanawa et al., 2016-observation x difficulty > baseline; others	0	0	0	2	0	0	0	0	0	0	0	0	0	0	0	0	0	0	0	0	0	0	0	0
Hanawa et al., 2016-observation x familiarity > baseline; others	0	1	0	1	0	0	0	0	0	0	0	0	0	0	0	0	0	0	0	0	0	0	0	0
Hanawa et al., 2016-observation x rhythm > baseline; others	0	0	0	0	0	0	0	0	0	0	0	0	0	0	0	0	0	0	0	0	0	0	0	0
Hare et al., 2010-average activity free > forced trials; others	0	0	0	0	0	0	1	0	0	0	0	0	0	0	0	0	0	0	0	0	0	0	0	0
Hare et al., 2010-subjective value during free trials > forced trials; others	0	0	2	0	0	0	0	0	0	0	0	0	0	0	0	0	0	0	0	0	0	0	0	0
Hare et al., 2010-willingness to give + free - forced trials; others	0	0	1	0	0	1	0	0	0	0	0	0	0	0	0	0	0	0	0	0	0	0	0	0
Harris et al., 2007, 2007-SE>NS; others	0	0	0	1	0	0	0	0	0	0	0	0	0	0	0	0	0	0	0	0	0	0	0	0
Harris et al., 2007-Age> Vegetable; others	0	0	0	0	0	0	0	0	0	0	0	0	0	0	0	0	0	0	0	0	0	0	0	0
Harris et al., 2007-Vegetable > Age; others	1	0	0	2	0	1	0	0	0	0	0	0	0	0	0	0	0	0	0	0	0	0	0	0
Harris et al., 2007-interaction between SE>NS and age task; others	0	0	0	0	0	0	0	0	0	0	0	0	0	0	0	0	0	0	0	0	0	0	0	0
Harris et al., 2007-interaction between SE>NS and vegetable task; others	0	0	0	0	0	0	0	0	0	0	0	0	0	0	0	0	0	0	0	0	0	0	0	0
Harris et al., 2007-interaction of Vegetable>Age with NS only; others	0	0	0	1	0	0	0	0	0	0	0	0	0	0	0	0	0	0	0	0	0	0	0	0
Harris et al., 2007-interaction of Vegetable>Age with SE only; others	0	0	0	1	0	0	0	0	0	0	0	0	0	0	0	0	0	0	0	0	0	0	0	0
Harris et al., 2010-competence expectancy violation > consistant competence expectency; others	0	0	0	0	0	0	0	0	0	0	0	0	0	0	0	0	0	0	0	0	0	0	0	0
Harris et al., 2010-consistant competence expectency > competence expectancy violation; others	0	0	0	0	0	0	0	0	0	0	0	0	0	0	0	0	0	0	0	0	0	0	0	0
Harris et al., 2010-consistent warmth expectancy >  warm expectancy violation; others	0	0	0	0	0	0	0	0	0	0	0	0	0	0	0	0	0	0	0	0	0	0	0	0
Harris et al., 2010-warm expectancy violation  >  consistent warmth expectancy; others	0	0	0	0	0	0	1	0	0	0	0	0	0	0	0	0	0	0	0	0	0	0	0	0
Heyda et al., 2010-Bodies > Places; others	0	1	0	0	0	1	0	0	0	0	0	0	1	0	0	0	0	0	0	0	0	0	0	0
Heyda et al., 2010-Places > Bodies; others	0	0	0	0	0	0	1	1	0	0	1	0	0	0	0	0	0	0	0	0	0	0	0	0
Hortensius et al., 2014-control > bystander; others	0	0	0	0	0	0	0	0	0	0	0	0	0	0	0	0	0	0	0	0	0	0	0	0
Hortensius et al., 2014-falling > standing; others	0	0	0	0	0	0	0	0	0	0	0	0	0	0	0	0	0	0	0	0	0	0	0	0
Hortensius et al., 2014-standing >  falling; others	0	1	1	0	0	0	0	0	0	0	0	0	0	0	0	0	0	0	0	0	0	0	0	0
Iacobani et al., 2004-Relational > alone; others	0	1	0	1	0	1	1	0	0	0	0	0	0	0	0	0	0	0	0	0	0	0	0	0
Isik et al., 2017-interacting > independent action; others	0	0	1	0	0	0	0	0	0	0	0	0	0	0	0	0	0	0	0	0	0	0	0	0
Jankowski et al., 2014-OA > CA; others	1	0	0	0	0	0	0	0	0	0	0	0	0	0	0	0	0	0	0	0	0	0	0	0
Jankowski et al., 2014-OP > CP; others	1	0	0	0	0	0	0	0	0	0	0	0	0	0	0	0	0	0	0	0	0	0	0	0
Jankowski et al., 2014-OS > CS; others	1	0	0	2	0	0	0	0	0	0	0	0	0	0	0	0	0	0	0	0	0	0	0	0
Janowski et al., 2012-Empathic > Self-oriented; others	0	0	0	0	0	0	1	0	2	0	0	0	1	0	0	0	0	0	0	0	0	0	0	0
Janowski et al., 2012-bid-for-other during empathic choice; others	0	1	0	0	0	0	0	0	0	0	0	0	0	1	0	0	0	0	0	0	0	0	0	0
Javor et al., 2019-decision-making > results; others	0	1	0	0	1	0	0	0	0	0	0	0	0	0	0	0	0	0	0	0	0	0	0	0
Javor et al., 2019-results > decision-making; others	0	0	1	0	0	0	0	0	0	0	0	0	0	0	0	0	0	0	0	0	0	0	0	0
Jiang et al., 2018-OA > OC; others	0	0	0	1	0	0	0	0	0	0	0	0	0	0	0	0	0	0	0	0	0	0	0	0
Kanske et al., 2015-EmpaToM: (ToM N nonToM questions) > (emotionally negative N neutral video); others	1	2	0	4	0	1	0	0	0	0	0	0	0	0	0	0	0	0	0	0	0	0	0	0
Kanske et al., 2015-EmpaToM: (emotional N neutral video) > (ToM N nonToM questions); others	0	2	0	1	1	0	1	2	0	0	0	0	0	0	0	0	0	0	0	0	0	0	0	0
Kanske et al., 2015-EmpaToM: ToM > nonToM questions; others	1	3	2	3	1	1	1	0	0	0	0	0	0	0	0	0	0	0	0	0	0	0	0	0
Kanske et al., 2015-EmpaToM: emotionally negative > neutral video; others	1	0	1	1	2	0	1	1	0	0	0	0	0	0	0	0	0	0	0	0	0	0	0	0
Kawamichi et al., 2016-Significant activation for the (toss – button press) high-frequency effect; others	0	0	0	0	0	0	0	0	0	2	0	0	0	0	0	0	0	0	0	0	0	0	0	0
Kawasaki et al., 2016-(Positive > Neutral) inclusively masked with (Negative > Neutral); others	1	1	1	1	1	0	0	0	0	0	0	0	0	0	0	0	0	0	0	0	0	0	0	0
Kawasaki et al., 2016-(Positive vs. Neutral) > (Negative vs. Neutral); others	0	0	0	0	0	0	0	0	0	0	0	0	0	0	0	0	0	0	0	0	0	0	0	0
Kawasaki et al., 2016-Negative > Neutral; others	1	0	1	1	1	0	0	1	0	0	0	0	0	0	0	0	0	0	0	0	0	0	0	0
Kawasaki et al., 2016-Positive > Neutral; others	0	1	1	1	1	0	0	0	0	0	0	0	0	0	0	0	0	0	0	0	0	0	0	0
Kelly et al., 2014-H trials − E trials (centroid); others	0	0	0	0	0	0	0	0	0	0	0	0	0	0	0	0	0	0	0	0	0	0	0	0
Kelly et al., 2014-H trials − E trials (peak); others	0	1	0	0	0	0	0	0	0	0	0	0	0	0	0	0	0	0	0	0	0	0	0	0
Kestemont et al., 2014-Conjunction analysis (self + other + situation > truth); others	1	2	0	0	0	0	0	0	0	0	0	0	0	0	0	0	0	0	0	0	0	0	0	0
Kestemont et al., 2014-Other > Truth; others	1	2	0	1	0	1	0	0	0	0	0	0	0	0	0	0	0	0	0	0	0	0	0	0
Kestemont et al., 2014-Situation > Truth; others	1	3	0	0	0	1	0	0	0	0	0	0	0	0	0	0	0	0	0	0	0	0	0	0
Kirk et al., 2016-interaction of accepting unfair offers and  (Post-MT > Pre-MT) > (Post-CT > Pre-CT); others	0	0	0	0	0	0	0	0	0	1	0	0	0	0	0	0	0	0	0	0	0	0	0	0
Kirk et al., 2016-interaction of accepting unfair offers and  Pre-MT > Pre-CT (conjunction analysis); others	0	0	0	0	0	0	0	0	0	0	0	0	0	0	0	0	0	0	0	0	0	0	0	0
Klimecki et al., 2012-HE > LE videos; others	0	0	1	1	0	0	1	0	0	0	0	0	0	0	0	0	0	0	0	0	0	0	0	0
Klimecki et al., 2012-LE > HE videos; others	0	0	0	0	0	0	0	0	0	0	0	0	0	0	0	0	0	0	0	0	0	0	0	0
Korn et al., 2014-OTHER > SELF; others	0	0	0	0	0	0	0	0	0	0	0	0	0	0	0	0	0	0	0	0	0	0	0	0
Krueger et al., 2014-Affect x Group; others	0	0	1	0	0	0	0	0	0	0	0	0	0	0	0	0	0	0	0	0	0	0	0	0
Krueger et al., 2014-Affect; others	0	0	0	0	0	0	0	0	0	0	0	0	0	0	0	0	0	0	0	0	0	0	0	0
Lamm et al., 2009-No Pain: Dissimilar > Similar Other; others	0	2	1	3	1	0	4	1	0	1	0	0	0	0	0	0	0	1	0	0	0	0	0	0
Lavoie et al., 2016-Adj > Conf, Response Period; others	1	0	0	0	0	0	0	0	0	0	0	0	0	0	0	0	0	0	0	0	0	0	0	0
Lavoie et al., 2016-Soc > Phy, Response Period; others	1	2	1	2	0	0	0	0	0	0	0	0	0	0	0	0	0	0	0	0	0	0	0	0
Lavoie et al., 2016-Soc > Phy, Time-Point 1; others	1	0	1	0	0	0	0	0	0	0	0	0	0	0	0	0	0	0	0	0	0	0	0	0
Lavoie et al., 2016-Soc > Phy, Time-Point 2; others	1	2	0	1	0	1	0	0	0	0	0	0	0	0	0	0	0	0	0	0	0	0	0	0
Lavoie et al., 2016-SocAdj > PhyConf, Response Period; others	1	2	1	0	0	0	0	0	0	0	0	0	0	0	0	0	0	0	0	0	0	0	0	0
Lavoie et al., 2016-SocAdj > PhyConf, Time-Point 2; others	0	2	1	0	0	0	0	1	0	0	0	0	0	0	0	0	0	0	0	0	0	0	0	0
Lazar et al., 2014-house + faces; others	0	0	0	0	0	0	1	0	0	0	0	0	0	0	0	0	0	0	0	0	0	0	0	0
Lewis et al., 2017-Mentalising > Factual memory; others	0	1	0	1	0	1	0	0	0	0	0	0	0	0	0	0	0	0	0	0	0	0	0	0
Liu et al., 2018-Friend vs Celebrity; others	1	0	0	1	0	0	0	0	0	0	0	0	0	0	0	0	0	0	0	0	0	0	0	0
Lockwood et al., 2016-no one prediction error > baseline; others	0	0	0	0	0	0	0	0	0	0	0	0	0	0	0	0	0	0	0	0	0	0	0	0
Lockwood et al., 2016-no one prediction error > self prediction error + prosocial prediction error; others	0	0	0	0	0	0	0	0	0	0	0	0	0	0	0	0	0	0	0	0	0	0	0	0
Lockwood et al., 2016-prosocial outcome > self + no one outcome; others	0	0	0	0	0	1	0	0	0	0	0	0	0	0	0	0	0	0	0	0	0	0	0	0
Lockwood et al., 2016-prosocial prediction error > baseline; others	0	0	0	0	0	0	0	0	0	0	0	0	0	1	0	0	0	0	0	0	0	0	0	0
Lockwood et al., 2016-prosocial prediction error > self prediction error + no one prediction error; others	0	0	0	0	0	0	0	0	0	0	0	0	0	0	0	0	0	0	0	0	0	0	0	0
Lockwood et al., 2016-self prediction error + no one prediction error > prosocial prediction error; others	0	2	0	0	0	0	0	0	0	0	0	0	0	0	0	0	0	0	0	0	0	0	0	0
Lockwood et al., 2016-self prediction error > baseline; others	0	0	0	0	0	0	0	0	0	1	0	0	0	0	0	0	0	0	0	0	0	0	0	0
Luo et al., 2013-painful > non-painful stimuli; others	0	1	1	0	1	0	2	1	0	0	0	0	0	0	0	0	0	0	0	0	0	0	0	0
Mackes et al., 2018-emotional > neutral video clips; others	0	3	3	0	0	1	0	0	0	0	0	0	0	0	0	0	0	0	0	0	0	0	0	0
Mackes et al., 2018-neutral > emotional video clips; others	0	0	0	0	0	0	0	0	0	0	0	0	0	0	0	0	0	0	0	0	0	0	0	0
Mainieri et al., 2013-(IMIO > CTO) ∩ (IMIE > CTE); others	0	1	2	1	0	0	1	0	0	0	0	0	0	0	0	0	0	0	0	0	0	0	0	0
Mainieri et al., 2013-(S-IMIO>NS-IMIO) > (S-CTO > NS-CTO); others	0	0	0	0	0	0	0	0	0	0	0	0	0	0	0	0	0	0	0	0	0	0	0	0
Mainieri et al., 2013-[(S-IMIO > NS-IMIO) > (S-CTO > NS-CTO)] > [(S-IMIE > NS-IMIE) > (S-CTE > NS- CTE)]; others	0	0	0	0	0	0	0	0	0	0	0	0	0	0	0	0	0	0	0	0	0	0	0	0
Mainieri et al., 2013-[(S-IMIO > S-CTO) + (S-IMIE > S-CTE)] > [(NS-IMIO > NS-CTO) + (NS-IMIE > NS-CTE)]; others	0	0	0	0	0	0	0	0	0	0	0	0	0	0	0	0	0	0	0	0	0	0	0	0
Mainieri et al., 2013-[S (IMIO + CTO + IMIE + CTE) > NS (IMIO + CTO + IMIE + CTE)]; others	0	0	0	0	0	0	0	0	0	0	0	0	0	0	0	0	0	0	0	0	0	0	0	0
Majdandzic et al., 2016, DISSIMILAR > SIMILAR-others	0	0	0	0	0	0	0	0	0	0	0	0	0	0	0	0	0	0	0	0	0	0	0	0
Majdandzic et al., 2016, PAINFUL > NON-PAINFUL and SELF PAINFUL > NON-PAINFUL-others	0	0	0	0	1	0	1	0	0	0	0	0	0	0	0	0	0	0	0	0	0	0	0	0
Materna et al., 2008-finger pointing - gaze following; others	0	0	0	0	0	0	0	0	0	0	0	0	0	0	0	0	0	0	0	0	0	0	0	0
Mazzola et al., 2016-Angry > Joyful session; others	0	0	0	0	0	0	0	0	0	0	0	0	0	0	0	0	0	0	0	0	0	0	0	0
Mazzola et al., 2016-Faces > Grasping; others	0	0	0	0	0	0	0	0	0	0	0	0	0	0	0	0	0	0	0	0	0	0	0	0
Mazzola et al., 2016-Grasping > Faces; others	0	2	1	0	0	0	0	0	0	0	0	0	1	0	0	0	0	0	0	0	0	0	0	0
Mazzola et al., 2016-Interaction analysis between grasping and neutral grasping; others	0	0	0	0	0	0	0	0	0	0	0	0	0	0	0	0	0	0	0	0	0	0	0	0
Mende-Siedlecki et al., 2016-First three trials > last two trials; others	0	0	0	0	0	0	0	0	0	0	0	0	0	0	0	0	0	0	0	0	0	0	0	0
Mende-Siedlecki et al., 2016-Last two trials > first three trials; others	0	0	0	1	1	0	0	0	0	0	0	0	0	0	0	0	0	0	0	0	0	0	0	0
Mende-Siedlecki et al., 2016-Merely Inconsistent & Control >Positive-to-Negative & Negative-to-Positive; others	0	0	0	0	0	0	0	0	0	0	0	0	0	0	0	0	0	0	0	0	0	0	0	0
Mende-Siedlecki et al., 2016-Negative-to-Positive, Merely Inconsistent, & Control > Positive-to-Negative; others	0	0	0	0	0	0	0	0	0	0	0	0	0	0	0	0	0	0	0	0	0	0	0	0
Mende-Siedlecki et al., 2016-Positive-to-Negative & Negative-to-Positive > Merely Inconsistent & Control; others	0	2	0	0	0	0	0	1	0	0	0	0	0	0	0	0	0	0	0	0	0	0	0	0
Mende-Siedlecki et al., 2016-Positive-to-Negative, Negative-to-Positive, & Merely Inconsistent > Control; others	0	0	0	0	0	0	0	0	0	0	1	0	0	0	0	0	0	0	0	0	0	0	0	0
Otti et al., 2015-ToM > R; others	0	0	2	0	0	0	0	0	0	0	0	0	0	0	0	0	0	0	0	0	0	0	0	0
Pehrs et al., 2017-Main effect of context; others	1	1	2	1	0	2	0	0	0	0	0	0	0	0	0	0	0	0	0	0	0	0	0	0
Pehrs et al., 2017-Main effect of music; others	0	0	0	0	0	0	0	0	1	0	0	0	0	0	0	0	0	0	0	0	0	0	0	0
Petrini et al., 2014-(atypical-upright 1 atypical-inverted) 2 (typical-upright 1 typical-inverted); others	0	1	0	0	0	0	1	0	0	0	0	0	0	0	0	0	0	0	0	0	0	0	0	0
Platek et al., 2005-familiar face > distracter; others	0	1	0	0	1	0	0	0	0	0	0	0	0	0	0	0	0	0	0	0	0	0	0	0
Platek et al., 2005-familiar face > self face; others	0	0	0	0	0	0	0	0	0	0	0	0	0	0	0	0	0	0	0	0	0	0	0	0
Polosan et al., 2011-H(I + C) > M(I + C); others	0	0	0	3	0	0	0	0	0	0	0	0	0	0	0	0	0	1	0	0	0	0	0	0
Polosan et al., 2011-I(H + M) > C(H + M); others	0	0	1	1	0	0	1	1	0	0	0	0	0	0	0	0	0	0	0	0	0	0	0	0
Polosan et al., 2011-[H(I > C)] > [M(I > C)]; others	0	0	0	0	0	0	1	0	0	0	0	0	0	0	0	0	0	0	0	0	0	0	0	0
Quadflieg et al., 2015-Incongruent Interactions > Congruent Interactions; others	0	1	1	0	0	0	0	0	0	0	0	0	0	0	0	0	0	0	0	0	0	0	0	0
Quadflieg et al., 2015-Incongruent Interactions > Non-Interactions; others	0	2	0	0	0	0	0	0	0	0	0	0	0	0	0	0	0	0	0	0	0	0	0	0
Ramsey et al., 2013-Inconsistent Other (IO) > Consistent Other (CO); others	0	1	0	0	0	0	1	0	0	0	0	0	0	0	0	0	0	0	0	0	0	0	0	0
Rauchbauer et al., 2015-Angry (Incongruent > Congruent) masked inclusively with Angry (Incongruent > Congruent) > Happy (Incongruent > Congruent); others	0	1	0	0	0	0	0	0	0	0	0	0	0	0	0	0	0	0	0	0	0	0	0	0
Rauchbauer et al., 2015-Happy (Incongruent > Congruent) masked inclusively with Happy (Incongruent > Congruent) > Angry (Incongruent > Congruent); others	0	0	0	0	0	0	0	0	0	0	0	0	0	0	0	0	0	0	0	0	0	0	0	0
Rauchbauer et al., 2015-In-group (Incongruent > Congruent) masked inclusively with In-group (Incongruent > Congruent) > Out-group (Incongruent > Congruent); others	0	0	0	0	0	0	0	0	0	0	0	0	0	0	0	0	0	0	0	0	0	0	0	0
Rauchbauer et al., 2015-Incongruent > Congruent; others	0	1	0	1	1	0	1	0	0	0	0	0	0	0	0	0	0	0	0	0	0	0	0	0
Rauchbauer et al., 2015-Out-group (Incongruent > Congruent) masked inclusively with Out-group (Incongruent > Congruent) > In-group (Incongruent > Congruent); others	0	1	0	1	0	0	1	0	0	0	0	0	0	0	0	0	0	1	0	0	0	0	0	0
Redcay et al., 2010a-Live > Recorded; others	0	1	2	0	1	1	1	0	0	0	0	0	0	0	0	0	0	0	0	0	0	0	0	0
Redcay et al., 2010a-Recorded > Live; others	0	0	0	0	0	0	0	0	0	0	0	0	0	0	0	0	0	0	0	0	0	0	0	0
Redcay et al., 2010b-JA > SA; others	0	2	3	0	0	1	1	0	0	0	0	0	0	0	0	0	0	0	0	0	0	0	0	0
Reniers et al., 2014-Empathy > Self-reference; others	0	0	0	0	0	0	0	0	0	0	0	0	0	0	0	0	0	0	0	0	0	0	0	0
Reniers et al., 2014-Empathy ES–EN; others	1	1	1	1	0	0	0	0	0	0	0	0	0	0	0	0	0	0	0	0	0	0	0	0
Reniers et al., 2014-Main effect (ES + TS + SRS) – (EN + TN + SRN); others	0	2	2	0	0	0	0	0	0	0	0	0	0	0	0	0	0	0	0	0	0	0	0	0
Reniers et al., 2014-ToM > Empathy; others	0	0	0	0	0	0	0	0	0	0	0	0	0	0	0	0	0	0	0	0	0	0	0	0
Reniers et al., 2014-ToM TS–TN; others	0	0	2	0	0	0	0	0	0	0	0	0	0	0	0	0	0	0	0	0	0	0	0	0
Ruckmann et al., 2015-ingroup members > outgroup members; others	0	1	2	0	0	0	0	0	0	0	0	0	0	0	0	0	0	0	0	0	0	0	0	0
Ruckmann et al., 2015-pain stimuli > neutral stimuli; others	0	0	0	0	0	0	0	0	0	0	0	0	0	0	0	0	0	1	0	0	0	0	0	0
Ruckmann et al., 2015-pain x condition > pain x gender; others	0	0	1	0	0	0	0	0	0	0	0	0	1	0	0	0	0	0	0	0	0	0	0	0
Rudorf et al., 2018-controlled > free condition; others	0	1	0	0	0	0	0	0	0	0	0	0	0	0	0	0	0	0	0	0	0	0	0	0
Sapey- Triomphe et al., 2017-Social Interaction  > Neutral Movements; others	0	2	1	2	1	0	2	0	0	0	0	0	0	0	0	0	0	0	0	0	0	0	0	0
Sato et al., 2019-(expression > mosaic) × laterality; others	0	0	1	0	0	0	1	0	0	0	0	0	0	0	0	0	0	0	0	0	0	0	0	0
Sato et al., 2019-expression > mosaic; others	1	4	5	1	0	0	2	0	2	0	0	0	0	0	0	0	0	0	0	0	0	0	0	0
Schaefer et al., 2014-Rough Priming x Social Coordination Judgements > rough priming x Familiarity Relationship Judgement; others	0	0	0	0	0	0	0	0	0	0	0	0	0	0	0	0	0	0	0	0	0	0	0	0
Schaefer et al., 2014-Social Coordination Judgement > Relationship Famililarity Judgement; others	0	0	1	0	0	0	1	0	0	0	0	0	0	0	0	0	0	0	0	0	0	0	0	0
Schaefer et al., 2014-Social Coordination Judgements x Rough Priming > no priming; others	0	0	1	0	1	0	1	0	0	0	0	0	0	0	0	0	0	0	0	0	0	0	0	0
Schaefer et al., 2014-Social Coordination Judgements x Rough priming > Smooth priming; others	0	0	0	0	0	0	1	0	0	0	0	0	0	0	0	0	0	0	0	0	0	0	0	0
Schmitgen et al., 2016-(EFE ToM − no EFE ToM) − (EFE no ToM − no EFE no ToM); others	0	0	0	0	0	0	0	0	0	0	0	0	0	0	0	0	0	0	0	0	0	0	0	0
Schmitgen et al., 2016-(EFE no ToM − no EFE no ToM) − (EFE ToM − no EFE ToM); others	0	0	0	0	0	0	0	0	0	0	0	0	0	0	0	0	0	0	0	0	0	0	0	0
Schmitgen et al., 2016-3rdppA > 1stppV; others	0	5	3	3	2	2	2	0	0	0	0	0	0	0	0	0	0	0	0	0	0	0	0	1
Schmitgen et al., 2016-EFE > no EFE with RT reduction; others	0	1	0	1	0	0	0	2	0	0	0	0	0	0	0	0	0	0	0	0	0	0	0	0
Schmitgen et al., 2016-EFE > no EFE; others	0	0	0	0	0	0	0	0	0	0	0	0	0	0	0	0	0	0	0	0	0	0	0	0
Schmitgen et al., 2016-No EFE > EFE; others	0	1	1	2	1	0	6	2	0	0	0	0	0	0	0	0	0	0	0	0	0	0	0	0
Schmitgen et al., 2016-no EFE > EFE with RT reduction; others	0	0	0	0	0	0	0	0	0	0	0	0	0	0	0	0	0	0	0	0	0	0	0	0
Schneider et al., 2014-belief > photo/map trials; others	1	1	1	0	0	0	0	0	0	0	0	0	0	0	0	0	0	0	0	0	0	0	0	0
Schulte-Rüther et al., 2008-Other > high-level baseline; others	0	1	1	1	1	1	1	1	0	0	0	0	0	0	0	0	0	0	0	0	0	0	0	0
Seehausen et al., 2016-Cognitive empathic (CE) > high level baseline; others	0	0	0	0	0	0	0	0	0	0	0	0	0	0	0	0	0	0	0	0	0	0	0	0
Seehausen et al., 2016-Cognitive unempathic (CN) > cognitive empathic (CE); others	0	0	0	1	0	0	0	0	0	0	0	0	0	0	0	0	0	0	0	0	0	0	0	0
Seehausen et al., 2016-Cognitive unempathic (CN) > emotional unempathic (EN); others	0	0	0	0	0	0	0	0	0	0	0	0	0	0	0	0	0	0	0	0	0	0	0	0
Seehausen et al., 2016-Emotional (EE + EN) > cognitive (CE + CN); others	0	0	0	0	0	0	0	0	0	0	0	0	0	0	0	0	0	0	0	0	0	0	0	0
Seehausen et al., 2016-Emotional Empathic (EE) > emotional unempathic (EN); others	0	0	0	0	0	0	0	0	0	0	0	0	0	0	0	0	0	0	0	0	0	0	0	0
Seehausen et al., 2016-Emotional empathic (EE) > cognitive empathic (CE); others	0	0	0	0	1	0	0	0	0	0	0	0	0	0	0	0	0	0	0	0	0	0	0	0
Seehausen et al., 2016-Emotional empathic (EE) > high level baseline; others	0	1	0	0	0	0	0	0	0	0	0	0	0	0	0	0	0	0	0	0	0	0	0	0
Seehausen et al., 2016-Emotional unempathic (EN) > cognitive unempathic (CN); others	0	0	0	0	0	0	0	0	0	0	0	0	0	0	0	0	0	0	0	0	0	0	0	0
Seehausen et al., 2016-Empathic (EE + CE) > high level baseline; others	0	0	0	0	0	0	0	0	0	0	0	0	0	0	0	0	0	0	0	0	0	0	0	0
Seehausen et al., 2016-Unempathic (EN + CN) > empathic (EE + CE); others	0	0	0	0	0	0	0	0	0	0	0	0	0	0	0	0	0	0	0	0	0	0	0	0
Seehausen et al., 2016-negative vs positive performance; others	0	1	0	0	0	0	0	0	0	0	0	0	0	0	0	0	0	0	0	0	0	0	0	0
Silani et al., 2013-Incongruent > Congruent; others	0	0	0	0	0	0	0	0	0	0	0	0	0	0	0	0	0	0	0	0	0	0	0	0
Silani et al., 2013-Other Judgment > Self Judgment; others	0	0	0	0	0	0	0	0	0	0	0	0	0	0	0	0	0	0	0	0	0	0	0	0
Singer et al., 2004-Affective > Neutral faces; others	0	0	0	1	2	0	0	0	0	0	0	0	0	0	0	0	0	0	0	0	0	0	0	0
Singer et al., 2004-Cooperator > Neutral faces; others	0	0	0	0	1	0	0	0	0	0	0	0	0	0	0	0	0	0	0	0	0	0	0	0
Singer et al., 2004-Defector > Neutral faces; others	0	0	0	0	0	0	0	0	0	0	0	0	0	0	0	0	0	0	0	0	0	0	0	0
Smith et al., 2017-Social Judgment > Perceptual Judgment; others	0	1	0	1	1	0	1	1	0	0	0	0	0	0	0	0	0	0	0	0	0	0	0	0
Sokolov et al., 2012-Observation of biological motion displays > observation of scrambled displays; others	0	1	3	0	0	0	0	0	0	0	0	0	0	0	0	0	0	0	0	0	0	0	0	0
Sokolov et al., 2012-observation of biological motion displays > scrambled displays; others	0	1	3	0	0	0	0	0	0	0	0	0	0	0	0	0	0	0	0	0	0	0	0	0
Sperduti et al., 2014-being imitated > rest; others	0	0	0	0	0	0	0	0	0	0	0	0	0	0	0	0	0	0	0	0	0	0	0	0
Sperduti et al., 2014-imitating > rest; others	0	0	0	0	0	0	0	0	0	0	0	0	0	0	0	0	0	0	0	0	0	0	0	0
Sperduti et al., 2014-observation > rest; others	0	1	1	1	0	0	1	0	0	0	0	0	0	0	0	0	0	0	0	0	0	0	0	0
Spunt et al., 2013-Conjunction of all Conditions > Fixation Baseline; others	0	2	2	1	0	0	1	2	0	0	0	0	1	0	0	0	0	0	0	0	0	0	0	0
Spunt et al., 2013-Conjunction of low-load/how-goal condition > low-load/observe-goal condition and high-load/how-goal condition > high-load/observe-goal condition; others	0	0	0	0	0	0	0	0	0	0	0	0	0	0	0	0	0	0	0	0	0	0	0	0
Spunt et al., 2013-Load x Goal > Fixation Baseline; others	0	1	0	3	0	0	0	0	0	0	0	0	0	0	0	0	0	0	0	0	0	0	0	0
Spunt et al., 2013-Low-load/why-goal condition compared with high-load/why-goal condition, low-load/how-goal condition, and high-load/how-goal condition combined; others	0	1	0	1	0	0	0	0	0	0	0	0	0	0	0	0	0	0	0	0	0	0	0	0
Spunt et al., 2013-Modulation by load for any of the four goals; others	0	1	0	1	0	0	0	0	0	0	0	0	0	0	0	0	0	0	0	0	0	0	0	0
Spunt et al., 2015-Decreasing LOA >  Increasing LOA; others	0	0	0	1	0	0	2	2	0	0	0	0	0	0	0	0	0	0	0	0	0	0	0	0
Spunt et al., 2015-High-why + High-how > Low-Why + Low-How; others	1	2	0	2	0	0	0	0	0	0	0	0	0	0	0	0	0	0	0	0	0	0	0	0
Spunt et al., 2015-Increasing LOA > Decreasing LOA; others	1	4	0	1	0	0	0	0	0	0	0	0	0	0	0	0	0	0	0	0	0	0	0	0
Spunt et al., 2015-Low-Why + Low-How > High-why + High-how; others	0	0	0	0	0	0	0	1	0	0	0	0	0	0	0	0	0	0	0	0	0	0	0	0
Stanley et al., 2016-Conjunction: correlated with social and non-social SPE; others	0	0	0	1	0	0	1	0	0	0	1	0	0	0	0	0	0	0	0	0	0	0	0	0
Stanley et al., 2016-Conjunction: correlated with social and non-social predictability; others	0	1	0	0	0	0	0	0	0	0	0	0	0	0	0	0	0	0	0	0	0	0	0	0
Stanley et al., 2016-Gifters > Lotteries at time of estimate; others	1	1	1	1	0	0	0	0	0	0	0	0	0	0	0	0	0	0	0	0	0	0	0	0
Stanley et al., 2016-Gifters > Lotteries at time of outcome; others	1	1	2	0	0	0	0	0	0	0	0	0	0	0	0	0	0	0	0	0	0	0	0	0
Stanley et al., 2016-Lotteries > Gifters at time of estimate; others	0	0	0	0	0	0	0	0	0	0	0	0	0	0	0	0	0	0	0	0	0	0	0	0
Stanley et al., 2016-Lotteries > Gifters at time of outcome; others	0	0	0	0	0	0	0	0	0	0	0	0	0	0	0	0	0	0	0	0	0	0	0	0
Steinbeis et al., 2008-compositions > computer-generated pieces; others	0	1	0	1	0	1	0	0	0	0	0	0	0	0	0	0	0	0	0	0	0	0	0	0
Sugiura et al., 2008-Face (simple effect) [Ff–Sf]; others	0	0	0	0	0	1	0	0	0	0	0	0	0	0	0	0	0	0	0	0	0	0	0	0
Sugiura et al., 2008-Main effect [(Ff+Fn)–(Sf+Sn) masked by Ff–Sf and Fn–Sn]; others	0	0	0	0	0	0	0	0	0	0	0	0	0	0	0	0	0	0	0	0	0	0	0	0
Sun et al., 2016-(CC-A)Gain > (CC-A)Loss; others	0	0	0	0	0	0	0	0	0	0	0	0	0	0	0	0	0	0	0	0	0	0	0	0
Sun et al., 2016-A > CC; others	0	0	0	0	0	0	0	0	0	0	0	0	0	0	0	0	0	0	0	0	0	0	0	0
Sun et al., 2016-CC > A; others	0	0	1	2	0	0	0	0	0	0	0	0	0	0	0	0	0	0	0	0	0	0	0	0
Sun et al., 2016-Gain > Loss; others	0	0	0	1	0	0	0	0	0	0	0	0	0	0	0	0	0	0	0	0	0	0	0	0
Suzuki et al., 2012-Reward Prediction Error (control) > Reward probability (other); others	0	0	0	1	0	0	0	0	0	0	0	0	0	0	0	0	0	0	0	0	0	0	0	0
Suzuki et al., 2012-Reward probability (other) >  Reward Prediction Error (control); others	0	0	0	1	0	0	0	0	0	0	0	0	0	0	0	0	0	0	0	0	0	0	0	0
Suzuki et al., 2012-Reward probability (other) > Reward Prediction Error (other); others	0	0	0	1	0	0	0	0	0	0	0	0	0	0	0	0	0	0	0	0	0	0	0	0
Suzuki et al., 2012-Simulated-other’s action prediction error > Simulated-other’s reward prediction error; others	0	1	0	1	0	0	1	0	0	0	0	0	0	0	0	0	0	0	0	0	0	0	0	0
Suzuki et al., 2012-Simulated-other’s reward prediction error > Simulated-other’s action prediction error; others	0	0	0	1	0	0	0	0	0	0	0	0	0	0	0	0	0	0	0	0	0	0	0	0
Tamir et al., 2010-self–other discrepancy during Other judgments; others	0	0	0	1	1	0	0	0	0	0	0	0	0	0	0	0	0	0	0	0	0	0	0	0
Tamir et al., 2010-self–other discrepancy during self trials; others	0	0	0	0	0	0	0	0	0	0	0	0	0	0	0	0	0	0	0	0	0	0	0	0
Tamir et al., 2015-abstract > vivid; others	1	3	0	1	1	0	0	1	0	0	0	0	0	0	0	0	0	0	0	0	0	0	0	0
Tamir et al., 2015-non-social > social; others	0	0	1	0	0	0	1	0	0	0	0	0	0	0	0	0	0	0	0	0	0	0	0	0
Tamir et al., 2015-social > non-social; others	0	0	0	1	0	0	1	0	0	0	0	0	0	0	0	1	0	0	0	0	0	0	0	0
Tamir et al., 2015-vivid > abstract; others	0	1	0	0	0	0	0	1	0	0	0	0	0	0	0	0	0	0	0	0	0	0	0	0
Telzer et al., 2011-Costly-Donation relative to Noncostly-Reward (accept); others	0	1	0	1	0	0	0	0	0	0	0	0	0	0	0	0	0	0	0	0	0	0	0	0
Telzer et al., 2011-Costly-Donation versus Noncostly-Reward (Family obligtations); others	0	0	1	0	0	0	0	0	0	0	0	0	0	0	0	0	0	0	0	0	0	0	0	0
Tomova et al., 2017, (INJECTION > QTIP): STRESS > CONTROL \ (BIOPSY > QTIP): STRESS > CONTROL-others	0	0	0	1	0	0	0	1	0	0	0	0	0	0	0	0	0	0	0	0	0	0	0	0
Trapp et al., 2014-Other > (self & triad); others	1	0	1	0	0	0	0	0	0	0	0	0	0	0	0	0	0	0	0	0	0	0	0	0
Trapp et al., 2014-Triad > (self & other); others	0	0	0	0	0	0	0	0	0	0	0	0	0	0	0	0	0	0	0	0	0	0	0	0
Trapp et al., 2014-triad ∩ self ∩ other; others	1	2	1	2	1	0	0	0	0	0	0	0	0	0	0	0	0	0	0	0	0	0	0	0
Tso et al., 2018-Social vs Non-Social; others	2	2	4	3	0	0	0	0	0	0	0	0	0	0	0	0	0	0	0	0	0	0	0	0
Tsoi et al., 2016-Competitive > cooperative (active); others	0	0	0	1	0	0	0	1	0	0	0	0	0	0	0	0	0	0	0	0	0	0	0	0
Tsoi et al., 2016-Competitive: active > passive; others	0	1	0	1	0	0	0	0	0	0	0	0	0	0	0	0	0	0	0	0	0	0	0	0
Tsoi et al., 2016-Cooperative > competitive (active); others	0	0	0	0	0	0	0	0	0	0	0	0	0	0	0	0	0	0	0	0	0	0	0	0
Tsoi et al., 2016-Cooperative: active > passive; others	0	1	0	1	0	0	0	0	0	0	0	0	0	0	0	0	0	0	0	0	0	0	0	0
Tylén et al., 2016-Meaning > Physical; others	0	1	0	0	1	0	0	0	0	0	0	0	0	0	0	0	0	0	0	0	0	0	0	0
Tylén et al., 2016-Own > Other (meaning related task); others	1	0	0	0	0	0	0	0	0	0	0	0	0	0	0	0	0	0	0	0	0	0	0	0
Tylén et al., 2016-Own > Other × Collective > Individual (meaning related task); others	0	0	0	0	1	0	0	0	0	0	0	0	0	0	0	0	0	0	0	0	0	0	0	0
Tylén et al., 2016-Physical > Meaning; others	0	0	0	0	0	0	0	0	0	0	0	0	0	0	0	0	0	0	0	0	0	0	0	0
Uddin et al., 2005-Other - Self; others	1	1	0	1	0	1	0	0	0	0	0	0	0	0	0	0	0	0	0	0	0	0	0	0
Van Der Heiden et al., 2013-Conjunction of Other and Self; others	0	0	0	1	0	0	0	0	0	0	0	0	0	0	0	0	0	1	0	0	0	0	0	0
Van Der Heiden et al., 2013-Other > Self; others	0	1	1	1	0	0	0	0	0	0	0	0	0	0	0	0	0	0	0	0	0	0	0	0
Van den Stock et al., 2015-all conditions vs baseline; others	0	2	1	0	1	0	1	0	0	0	0	0	0	0	0	0	0	0	0	0	0	0	0	0
Van den Stock et al., 2015-focus Aggressor > victim; others	0	1	1	0	0	0	0	0	0	0	0	0	0	0	0	0	0	0	0	0	0	0	0	0
Volz et al., 2015-difference between sender and reciever payoff > baseline; others	0	0	0	1	0	0	0	0	0	0	0	0	0	0	0	0	0	0	0	0	0	0	0	0
Volz et al., 2015-simple & sophisticated deception > truth; others	1	0	2	0	0	0	0	0	0	0	0	0	0	0	0	0	0	0	0	0	0	0	0	0
Volz et al., 2015-simple deception > truth; others	1	0	1	1	0	0	0	0	0	0	0	0	0	0	0	0	0	0	0	0	0	0	0	0
Volz et al., 2015-sophisticated deception > simple deception; others	0	1	1	0	1	0	0	0	0	0	0	0	0	0	0	0	0	0	0	0	0	0	0	0
Volz et al., 2015-sophisticated deception > truth; others	0	0	2	0	0	0	0	0	0	0	0	0	0	0	0	0	0	0	0	0	0	0	0	0
Volz et al., 2015-truth > simple deception & sophisticated deception; others	0	0	0	0	0	0	0	0	0	0	0	0	0	0	0	0	0	0	0	0	0	0	0	0
Völlm et al., 2006-(Empathy - Physical 2) - (ToM - Physical 1); others	0	0	1	0	0	0	0	0	0	0	0	0	0	0	0	0	0	0	0	0	0	0	0	0
Völlm et al., 2006-(ToM - Physical 1) - (Empathy - Physical 2); others	0	0	0	0	0	0	0	0	0	0	0	0	0	0	0	0	0	0	0	0	0	0	0	0
Völlm et al., 2006-Conjunction Analysis; others	0	1	1	0	0	0	0	0	0	0	0	0	0	0	0	0	0	0	0	0	0	0	0	0
Völlm et al., 2006-Empathy - Physical 2; others	0	1	0	1	0	0	0	0	0	0	0	0	0	0	0	0	0	0	0	0	0	0	0	0
Völlm et al., 2006-ToM - Physical 1; others	1	1	0	0	0	0	0	0	0	0	0	0	0	0	0	0	0	0	0	0	0	0	0	0
Wade-Bohleber et al., 2019-other> control; others	1	1	1	1	0	0	0	0	0	0	0	0	0	0	0	0	0	0	0	0	0	0	0	0
Walbrin et al., 2018-conjunction; others	0	0	1	0	0	0	0	0	0	0	0	0	0	0	0	0	0	0	0	0	0	0	0	0
Walbrin et al., 2018a-point light human interactions > individual actions; others	0	0	1	0	0	0	0	0	0	0	0	0	0	0	0	0	0	0	0	0	0	0	0	0
Walbrin et al., 2018b-competition > cooperation; others	0	0	1	0	0	0	0	0	0	0	0	0	0	0	0	0	0	0	0	0	0	0	0	0
Walter et al., 2004a-Cint> Ph-C; others	1	0	3	3	1	1	1	0	0	0	0	0	0	0	0	0	0	0	0	0	0	0	0	0
Walter et al., 2004a-Cint> Pint-1 and Pint-2; others	0	0	0	1	0	0	0	0	0	0	0	0	0	0	0	0	0	0	0	0	0	0	0	0
Walter et al., 2004a-Pint-1> Ph-C; others	1	2	2	0	0	1	0	0	0	0	0	0	0	0	0	0	0	0	0	0	0	0	0	0
Walter et al., 2004a-Pint-2> Ph-C; others	1	2	1	0	0	1	1	0	1	0	0	0	0	0	0	0	0	0	0	0	0	0	0	0
Walter et al., 2004b-Cint> Psint>Pint-1; others	0	0	0	1	0	0	0	0	0	0	0	0	0	0	0	0	0	0	0	0	0	0	0	0
Walter et al., 2004b-Pint-2> Ph-C; others	1	0	3	3	1	0	0	0	0	0	0	0	0	0	0	0	0	0	0	0	0	0	0	0
Walter et al., 2004b-Psint-2> Ph-C; others	2	3	1	2	1	0	0	0	0	0	0	0	0	0	0	0	0	0	0	0	0	0	0	0
Whitman et al., 2016-O-performance > S - performance; others	0	0	0	1	0	0	0	0	0	0	0	0	0	0	0	0	0	0	0	0	0	0	0	0
Whitman et al., 2016-S-performance > O - performance; others	0	0	0	0	0	0	0	0	0	0	0	0	0	0	0	0	0	0	0	0	0	0	0	0
Wlodarski et al., 2016-friend > kin condition; others	1	0	0	3	0	0	0	0	0	0	0	0	0	0	0	0	0	0	0	0	0	1	0	0
Wolf et al., 2010-MC answer theory of mind (ToM)NMC answer physical inference (PI); others	1	1	0	1	0	1	2	1	0	0	0	0	0	0	0	0	0	0	0	0	0	0	0	0
Wolf et al., 2010-Movie scenes theory of mind (ToM) > movie scenes physical inference (PI); others	1	0	0	0	0	0	0	1	0	0	0	0	0	0	0	0	0	0	0	0	0	0	0	0
Wolf et al., 2010-Silent answer theory of mind (ToM) > silent answer physical inference (PI); others	0	1	0	1	0	0	0	0	0	0	0	0	0	0	0	0	0	0	0	0	0	0	0	0
Zelinková et al., 2014-CV > NV; others	0	1	1	0	0	0	0	0	0	0	0	0	0	0	0	0	0	0	0	0	0	0	0	0
Zink et al. 2008a-Superior player > inferior player; STABLE HIERARCHY; others	1	0	1	0	0	0	0	0	0	0	1	0	0	1	0	0	0	0	0	0	0	0	0	0
Zink et al. 2008b-Sub lost/inf won > sub lost/inf lost; others	0	1	1	0	1	0	1	0	0	1	0	0	0	0	0	0	0	0	0	0	0	0	0	0
Zink et al. 2008b-Sub won/sup lost > sub won/sup won; others	0	1	1	2	0	0	0	0	1	0	0	0	0	0	0	0	0	0	0	0	0	0	0	0
Zink et al. 2008b-Superior player > inferior player; UNSTABLE HIERARCHY; others	0	0	2	1	0	0	1	0	0	1	0	0	0	0	0	0	1	0	0	0	0	0	0	0
van den Bos et al., 2009-defect > reciprocate; others	0	0	0	1	0	0	0	0	0	0	0	0	0	0	0	0	0	0	0	0	0	0	0	0
van den Bos et al., 2009-reciprocate > defect; others	0	0	0	0	0	0	0	0	0	0	0	0	0	0	0	0	0	0	0	0	0	0	0	0
van den Bos et al., 2009-regression defect > reciprocity (Negative corr. avg. reciprocity); others	0	0	0	0	0	0	0	0	0	1	0	0	0	0	0	0	0	0	0	0	0	0	0	0
van den Bos et al., 2009-regression defect > reciprocity (Positive corr. avg. reciprocity); others	0	0	0	0	1	0	1	0	0	0	0	0	0	0	0	0	0	0	0	0	0	0	0	0
Špiláková et al., 2019-Builder (COO > COM) > Other (COO > COM); others	0	0	0	0	0	0	0	0	0	0	0	1	0	0	0	0	0	0	0	0	0	0	0	0
Špiláková et al., 2019-CN > TB; others	0	0	3	0	0	2	0	0	0	0	0	0	0	0	0	0	0	0	0	0	0	0	0	0
Špiláková et al., 2019-Competition > Cooperation; others	0	0	0	4	1	0	2	0	0	0	0	0	0	0	0	0	0	0	0	0	0	0	0	0
Špiláková et al., 2019-Cooperation > competition; others	1	1	0	5	0	0	0	0	0	0	0	0	0	0	0	0	0	0	0	0	0	0	0	0
Špiláková et al., 2019-Other (COO > COM) > Builder (COO > COM); others	0	2	0	1	0	0	0	0	0	0	0	0	0	0	0	0	0	0	0	0	0	0	0	0
Špiláková et al., 2019-TB (COO > COM) > CN (COO > COM); others	0	1	1	0	0	0	0	0	0	0	0	0	0	0	0	0	0	0	0	0	0	0	0	0
