nimads_study_id,nimads_name,match_status,matched_pmid,matched_author,matched_year,matched_title,match_score,match_count
"Akitsuki et al., 2009","Akitsuki et al., 2009",exact_match,19439183,Akitsuki,2009,Social context and perceived agency affects empathy for pain: an event-related fMRI investigation.,1,1
"Alba-Ferrara et al., 2011","Alba-Ferrara et al., 2011",exact_match,22174872,Alba-Ferrara,2011,The neural correlates of emotional prosody comprehension: disentangling simple from complex emotion.,1,1
"Anders et al., 2015","Anders et al., 2015",exact_match,25315788,Anders,2015,Social gating of sensory information during ongoing communication.,1,1
"Arioli et al., 2017","Arioli et al., 2017",multiple_matches,29265483,Arioli,2018,Affective and cooperative social interactions modulate effective connectivity within and between the mirror and mentalizing systems.,0.95,2
"Bacha-Trams et al., 2017","Bacha-Trams et al., 2017",exact_match,29079809,Bacha-Trams,2017,Differential inter-subject correlation of brain activity when kinship is a variable in moral dilemma.,1,1
"Baek et al., 2017","Baek et al., 2017",exact_match,28504911,Baek,2017,The Value of Sharing Information: A Neural Account of Information Transmission.,1,1
"Balslev et al., 2006","Balslev et al., 2006",exact_match,16406606,Balslev,2006,Similar brain networks for detecting visuo-motor and visuo-proprioceptive synchrony.,1,1
"Barman et al., 2015","Barman et al., 2015",exact_match,25944965,Barman,2015,Gender-specific modulation of neural mechanisms underlying social reward processing by Autism Quotient.,1,1
"Beckes et al., 2013","Beckes et al., 2013",exact_match,22563005,Beckes,2013,Familiarity promotes the blurring of self and other in the neural representation of threat.,1,1
"Begliomini et al., 2017","Begliomini et al., 2017",exact_match,29097704,Begliomini,2017,Potential for social involvement modulates activity within the mirror and the mentalizing systems.,1,1
"Benoit et al., 2010","Benoit et al., 2010",exact_match,20045478,Benoit,2010,When I think about me and simulate you: medial rostral prefrontal cortex and self-referential processes.,1,1
"Bergström et al., 2014","Bergström et al., 2014",multiple_matches,24700584,Bergström,2015,Reflections of Oneself: Neurocognitive Evidence for Dissociable Forms of Self-Referential Recollection.,0.95,2
"Bitsch et al., 2018","Bitsch et al., 2018",exact_match,29582502,Bitsch,2018,The role of the right temporo-parietal junction in social decision-making.,1,1
"Bockler et al., 2016","Bockler et al., 2016",fuzzy_match,25996424,Böckler,2016,(How) observed eye-contact modulates gaze following. An fMRI study.,0.95,1
"Braams et al., 2014","Braams et al., 2014",exact_match,23720575,Braams,2014,Reward-related neural responses are dependent on the beneficiary.,1,1
"Bristow et al., 2007","Bristow et al., 2007",exact_match,18985119,Bristow,2007,Social interaction modifies neural response to gaze shifts.,1,1
"Cacioppo et al., 2014","Cacioppo et al., 2014",exact_match,25088911,Cacioppo,2014,You are in sync with me: neural correlates of interpersonal synchrony with a partner.,1,1
"Canessa et al., 2012","Canessa et al., 2012",exact_match,22848759,Canessa,2012,The neural bases of social intention understanding: the role of interaction goals.,1,1
"Carter et al., 2008","Carter et al., 2008",exact_match,18633856,Carter,2008,Friend or foe? Brain systems involved in the perception of dynamic signals of menacing and friendly social approaches.,1,1
"Caruana et al., 2015","Caruana et al., 2015",exact_match,25534111,Caruana,2015,A frontotemporoparietal network common to initiating and responding to joint attention bids.,1,1
"Cassidy et al., 2016","Cassidy et al., 2016",exact_match,26908320,Cassidy,2016,Dynamic neural mechanisms underlie race disparities in social cognition.,1,1
"Catmur et al., 2008","Catmur et al., 2008",exact_match,18783371,Catmur,2008,Through the looking glass: counter-mirror activation following incompatible sensorimotor learning.,1,1
"Cazzato et al., 2015","Cazzato et al., 2015",exact_match,26262561,Cazzato,2015,The attracting power of the gaze of politicians is modulated by the personality and ideological attitude of their voters: a functional magnetic resonance imaging study.,1,1
"Centelles et al., 2011","Centelles et al., 2011",exact_match,21249224,Centelles,2011,Recruitment of both the mirror and the mentalizing networks when observing social interactions depicted by point-lights: a neuroimaging study.,1,1
"Chen et al., 2010","Chen et al., 2010",exact_match,20188190,Chen,2010,'Do I like this person?' A network analysis of midline cortex during a social preference task.,1,1
"Cheng et al., 2010","Cheng et al., 2010",exact_match,20188182,Cheng,2010,Love hurts: an fMRI study.,1,1
"Chiao et al., 2009","Chiao et al., 2009",exact_match,19107754,Chiao,2009,Neural basis of individualistic and collectivistic views of self.,1,1
"Ciaramidaro et al., 2013","Ciaramidaro et al., 2013",multiple_matches,23620602,Ciaramidaro,2014,Do you mean me? Communicative intentions recruit the mirror and the mentalizing system.,0.95,2
"Ciaramidaro et al., 2013","Ciaramidaro et al., 2013",multiple_matches,24726338,Cikara,2014,Reduced self-referential neural response during intergroup competition predicts competitor harm.,0.859090909,2
"Cikara et al., 2014","Cikara et al., 2014",exact_match,24726338,Cikara,2014,Reduced self-referential neural response during intergroup competition predicts competitor harm.,1,1
"Cloutier et al., 2011","Cloutier et al., 2011",exact_match,21569855,Cloutier,2011,An fMRI study of violations of social expectations: when people are not who we expect them to be.,1,1
"Cloutier et al., 2014","Cloutier et al., 2014",exact_match,24936688,Cloutier,2014,Ventral medial prefrontal cortex and person evaluation: forming impressions of others varying in financial and moral status.,1,1
"Contreras et al., 2011","Contreras et al., 2011",fuzzy_match,21569855,Cloutier,2011,An fMRI study of violations of social expectations: when people are not who we expect them to be.,0.666666667,1
"Contreras et al., 2013","Contreras et al., 2013",exact_match,23574585,Contreras,2013,Common brain regions with distinct patterns of neural responses during mentalizing about groups and individuals.,1,1
"Cooper et al., 2013","Cooper et al., 2013",multiple_matches,23599165,Cooper,2014,The role of the posterior temporal and medial prefrontal cortices in mediating learning from romantic interest and rejection.,0.95,2
"Cooper et al., 2013","Cooper et al., 2013",multiple_matches,24814646,Fehr,2014,Neural correlates of the empathic perceptual processing of realistic social interaction scenarios displayed from a first-order perspective.,0.616666667,2
"Cross et al., 2019","Cross et al., 2019",exact_match,30852995,Cross,2019,A neurocognitive investigation of the impact of socializing with a robot on empathy for pain.,1,1
"Cuevas et al., 2019","Cuevas et al., 2019",exact_match,30930310,Cuevas,2019,The facilitative effect of gestures on the neural processing of semantic complexity in a continuous narrative.,1,1
"Davies-Thompson et al., 2018","Davies-Thompson et al., 2018",multiple_matches,29330483,Safron,2018,"Neural Correlates of Sexual Orientation in Heterosexual, Bisexual, and Homosexual Women.",0.666666667,2
"Davies-Thompson et al., 2018","Davies-Thompson et al., 2018",multiple_matches,29723244,Tso,2018,"The ""social brain"" is highly sensitive to the mere presence of social information: An automated meta-analysis and an independent study.",0.666666667,2
"Decety et al., 2004","Decety et al., 2004",exact_match,15488424,Decety,2004,The neural bases of cooperation and competition: an fMRI investigation.,1,1
"Derntl et al., 2009","Derntl et al., 2009",exact_match,19136216,Derntl,2009,Amygdala activity to fear and anger in healthy young males is associated with testosterone.,1,1
"Deuse et al., 2016","Deuse et al., 2016",exact_match,27496338,Deuse,2016,Neural correlates of naturalistic social cognition: brain-behavior relationships in healthy adults.,1,1
"Di Cesare et al., 2013","Di Cesare et al., 2013",multiple_matches,22349798,Janowski,2013,Empathic choice involves vmPFC value signals that are modulated by social processing implemented in IPL.,0.666666667,5
"Di Cesare et al., 2013","Di Cesare et al., 2013",multiple_matches,22661409,Klimecki,2013,Functional neural plasticity and associated changes in positive affect after compassion training.,0.666666667,5
"Di Cesare et al., 2013","Di Cesare et al., 2013",multiple_matches,23684882,Mainieri,2013,Differential role of the Mentalizing and the Mirror Neuron system in the imitation of communicative gestures.,0.666666667,5
"Di Cesare et al., 2013","Di Cesare et al., 2013",multiple_matches,24051621,Toki,2013,Automatic and intentional brain responses during evaluation of face approachability: correlations with trait anxiety.,0.666666667,5
"Di Cesare et al., 2013","Di Cesare et al., 2013",multiple_matches,24068815,Silani,2013,Right supramarginal gyrus is crucial to overcome emotional egocentricity bias in social judgments.,0.666666667,5
"Dichter et al., 2008","Dichter et al., 2008",multiple_matches,18633856,Carter,2008,Friend or foe? Brain systems involved in the perception of dynamic signals of menacing and friendly social approaches.,0.727272727,3
"Dichter et al., 2008","Dichter et al., 2008",multiple_matches,18514546,Schulte-Rüther,2008,Gender differences in brain networks supporting empathy.,0.6,3
"Dichter et al., 2008","Dichter et al., 2008",multiple_matches,18585742,Materna,2008,The posterior superior temporal sulcus is involved in social communication not specific for the eyes.,0.6,3
"Dungan et al., 2016","Dungan et al., 2016",exact_match,26969865,Dungan,2016,Theory of mind for processing unexpected events across contexts.,1,1
"Egorova et al., 2016","Egorova et al., 2016",exact_match,26505303,Egorova,2016,Brain basis of communicative actions in language.,1,1
"Falk et al., 2013","Falk et al., 2013",exact_match,23722983,Falk,2013,Creating buzz: the neural correlates of effective message propagation.,1,1
"Filkowski et al., 2015","Filkowski et al., 2015",multiple_matches,26567160,Filkowski,2016,Trying to trust: Brain activity during interpersonal social attitude change.,0.95,6
"Filkowski et al., 2015","Filkowski et al., 2015",multiple_matches,24582805,Jankowski,2014,But do you think I'm cool? Developmental differences in striatal recruitment during direct and reflected social self-evaluations.,0.75,6
"Filkowski et al., 2015","Filkowski et al., 2015",multiple_matches,26235682,Kawasaki,2016,Differential activation of the ventromedial prefrontal cortex between male and female givers of social reputation.,0.664285714,6
"Filkowski et al., 2015","Filkowski et al., 2015",multiple_matches,26385612,Luo,2016,Genetic and neural correlates of romantic relationship satisfaction.,0.616666667,6
"Filkowski et al., 2015","Filkowski et al., 2015",multiple_matches,27266443,Kirk,2016,Mindfulness training increases cooperative decision making in economic exchanges: Evidence from fMRI.,0.616666667,6
"Filkowski et al., 2015","Filkowski et al., 2015",multiple_matches,23327932,Luo,2014,Reminders of mortality decrease midcingulate activity in response to others' suffering.,0.616666667,6
"Fruhholz et al., 2020","Fruhholz et al., 2020",fuzzy_match,31783116,Frühholz,2020,Neural oscillations in human auditory cortex revealed by fast fMRI during auditory perception.,0.95,1
"Georgescu et al., 2013","Georgescu et al., 2013",fuzzy_match,22125232,Gordon,2013,Brain mechanisms for processing affective touch.,0.6,1
"Gilead et al., 2013","Gilead et al., 2013",multiple_matches,23667619,Wildgruber,2013,Different types of laughter modulate connectivity within distinct parts of the laughter perception network.,0.6,2
"Gilead et al., 2013","Gilead et al., 2013",multiple_matches,24068815,Silani,2013,Right supramarginal gyrus is crucial to overcome emotional egocentricity bias in social judgments.,0.6,2
"Greven et al., 2016","Greven et al., 2016",exact_match,26920683,Greven,2016,Linking person perception and person knowledge in the human brain.,1,1
"Güroğlu et al., 2008","Güroğlu et al., 2008",exact_match,17964185,Güroğlu,2008,Why are friends special? Implementing a social interaction simulation task to probe the neural correlates of friendship.,1,1
"Habel et al., 2007","Habel et al., 2007",exact_match,17408704,Habel,2007,Amygdala activation and facial expressions: explicit emotion discrimination versus implicit emotion processing.,1,1
"Hamilton et al., 2017","Hamilton et al., 2017",exact_match,28905269,Hamilton,2017,Differences in Neural Response to Romantic Stimuli in Monogamous and Non-Monogamous Men.,1,1
"Han et al., 2016","Han et al., 2016",exact_match,26481048,Han,2016,Common and distinct neural mechanisms of the fundamental dimensions of social cognition.,1,1
"Hanawa et al., 2016","Hanawa et al., 2016",exact_match,26168793,Hanawa,2016,The neural basis of the imitation drive.,1,1
"Hare et al., 2010","Hare et al., 2010",exact_match,20071521,Hare,2010,Value computations in ventral medial prefrontal cortex during charitable decision making incorporate input from regions involved in social cognition.,1,1
"Harrison et al., 2009","Harrison et al., 2009",exact_match,19048432,Harrison,2009,Dynamic pupillary exchange engages brain regions encoding social salience.,1,1
"Hartung et al., 2019","Hartung et al., 2019",exact_match,31142792,Hartung,2019,Behavioural and Neural Responses to Facial Disfigurement.,1,1
"Hellbernd et al., 2018","Hellbernd et al., 2018",exact_match,29771359,Hellbernd,2018,Neural bases of social communicative intentions in speech.,1,1
"Hensel et al., 2013","Hensel et al., 2013",multiple_matches,25281889,Ihme,2014,Alexithymic features and the labeling of brief emotional facial expressions - An fMRI study.,0.616666667,2
"Hensel et al., 2013","Hensel et al., 2013",multiple_matches,21862446,Hughes,2012,Orbitofrontal cortex and anterior cingulate cortex are modulated by motivated social cognition.,0.616666667,2
"Herold et al., 2016","Herold et al., 2016",exact_match,26365506,Herold,2016,Common and distinct networks for self-referential and social stimulus processing in the human brain.,1,1
"Hughes et al., 2011","Hughes et al., 2011",fuzzy_match,21862446,Hughes,2012,Orbitofrontal cortex and anterior cingulate cortex are modulated by motivated social cognition.,0.95,1
"Ihme et al., 2014","Ihme et al., 2014",exact_match,25281889,Ihme,2014,Alexithymic features and the labeling of brief emotional facial expressions - An fMRI study.,1,1
"Isik et al., 2017","Isik et al., 2017",exact_match,29073111,Isik,2017,Perceiving social interactions in the posterior superior temporal sulcus.,1,1
"Jankowski et al., 2014","Jankowski et al., 2014",exact_match,24582805,Jankowski,2014,But do you think I'm cool? Developmental differences in striatal recruitment during direct and reflected social self-evaluations.,1,1
"Janowski et al., 2012","Janowski et al., 2012",fuzzy_match,22726841,Suzuki,2012,Learning to simulate others' decisions.,0.666666667,1
"Jiang et al., 2018","Jiang et al., 2018",exact_match,29777673,Jiang,2018,Activations of the dorsolateral prefrontal cortex and thalamus during agentic self-evaluation are negatively associated with trait self-esteem.,1,1
"Kanazawa et al., 2017","Kanazawa et al., 2017",exact_match,28931014,Kanazawa,2017,Phonological memory in sign language relies on the visuomotor neural system outside the left hemisphere language network.,1,1
"Kanske et al., 2015","Kanske et al., 2015",exact_match,26254589,Kanske,2015,Dissecting the social brain: Introducing the EmpaToM to reveal distinct neural networks and brain-behavior relations for empathy and Theory of Mind.,1,1
"Kawamichi et al., 2016","Kawamichi et al., 2016",exact_match,27090501,Kawamichi,2016,Increased frequency of social interaction is associated with enjoyment enhancement and reward system activation.,1,1
"Kawasaki et al., 2016","Kawasaki et al., 2016",exact_match,26235682,Kawasaki,2016,Differential activation of the ventromedial prefrontal cortex between male and female givers of social reputation.,1,1
"Kedia et al., 2013","Kedia et al., 2013",fuzzy_match,23508477,Kedia,2014,The neural correlates of beauty comparison.,0.95,1
"Kestemont et al., 2014","Kestemont et al., 2014",fuzzy_match,24294906,Emonds,2014,Establishing cooperation in a mixed-motive social dilemma. An fMRI study investigating the role of social value orientation and dispositional trust.,0.727272727,1
"Kirk et al., 2016","Kirk et al., 2016",exact_match,27266443,Kirk,2016,Mindfulness training increases cooperative decision making in economic exchanges: Evidence from fMRI.,1,1
"Klimecki et al., 2012","Klimecki et al., 2012",multiple_matches,22661409,Klimecki,2013,Functional neural plasticity and associated changes in positive affect after compassion training.,0.95,2
"Klimecki et al., 2012","Klimecki et al., 2012",multiple_matches,24051621,Toki,2013,Automatic and intentional brain responses during evaluation of face approachability: correlations with trait anxiety.,0.616666667,2
"Koban et al., 2013","Koban et al., 2013",multiple_matches,23460073,Koban,2014,Responses of medial and ventrolateral prefrontal cortex to interpersonal conflict for resources.,0.95,3
"Koban et al., 2013","Koban et al., 2013",multiple_matches,24772075,Korn,2014,Cultural influences on social feedback processing of character traits.,0.616666667,3
"Koban et al., 2013","Koban et al., 2013",multiple_matches,25118071,Zelinková,2014,An evaluation of traffic-awareness campaign videos: empathy induction is associated with brain function within superior temporal sulcus.,0.616666667,3
"Kohn et al., 2011","Kohn et al., 2011",exact_match,21320516,Kohn,2011,Gender differences in the neural correlates of humor processing: implications for different processing modes.,1,1
"Koppe et al., 2015","Koppe et al., 2015",exact_match,26143208,Koppe,2015,Temporal unpredictability of a stimulus sequence and the processing of neutral and emotional stimuli.,1,1
"Korn et al., 2014","Korn et al., 2014",exact_match,24772075,Korn,2014,Cultural influences on social feedback processing of character traits.,1,1
"Kumar et al., 2009","Kumar et al., 2009",exact_match,18537114,Kumar,2009,Frontal operculum temporal difference signals and social motor response learning.,1,1
"Labek et al., 2016","Labek et al., 2016",exact_match,27458363,Labek,2016,Neural Correlates of the Appraisal of Attachment Scenes in Healthy Controls and Social Cognition-An fMRI Study.,1,1
"Lamm et al., 2009","Lamm et al., 2009",multiple_matches,19199417,Lamm,2010,How do we empathize with someone who is not like us? A functional magnetic resonance imaging study.,0.95,2
"Lamm et al., 2009","Lamm et al., 2009",multiple_matches,18633834,Saarela,2008,Listening to humans walking together activates the social brain circuitry.,0.616666667,2
"Lavoie et al., 2016","Lavoie et al., 2016",exact_match,27236373,Lavoie,2016,Social representations and contextual adjustments as two distinct components of the Theory of Mind brain network: Evidence from the REMICS task.,1,1
"Lazar et al., 2014","Lazar et al., 2014",exact_match,24462962,Lazar,2014,Social cognition and neural substrates of face perception: implications for neurodevelopmental and neuropsychiatric disorders.,1,1
"Lewis et al., 2017","Lewis et al., 2017",exact_match,28338962,Lewis,2017,Higher order intentionality tasks are cognitively more demanding.,1,1
"Liu et al., 2016","Liu et al., 2016",multiple_matches,26385612,Luo,2016,Genetic and neural correlates of romantic relationship satisfaction.,0.8,2
"Liu et al., 2016","Liu et al., 2016",multiple_matches,27096431,Emmerling,2016,The Role of the Insular Cortex in Retaliation.,0.666666667,2
"Liu et al., 2018","Liu et al., 2018",exact_match,29432769,Liu,2018,Self-construals moderate associations between trait creativity and social brain network.,1,1
"Lockwood et al., 2016","Lockwood et al., 2016",exact_match,27528669,Lockwood,2016,Neurocomputational mechanisms of prosocial learning and links to empathy.,1,1
"Lotze et al., 2006","Lotze et al., 2006",fuzzy_match,16035037,Platek,2006,Neural substrates for functionally discriminating self-face from personally familiar faces.,0.6,1
"Love et al., 2011","Love et al., 2011",exact_match,21864459,Love,2011,Cerebral correlates and statistical criteria of cross-modal face and voice integration.,1,1
"Luo et al., 2013","Luo et al., 2013",multiple_matches,23327932,Luo,2014,Reminders of mortality decrease midcingulate activity in response to others' suffering.,0.95,3
"Luo et al., 2013","Luo et al., 2013",multiple_matches,24936688,Cloutier,2014,Ventral medial prefrontal cortex and person evaluation: forming impressions of others varying in financial and moral status.,0.616666667,3
"Luo et al., 2013","Luo et al., 2013",multiple_matches,22019860,Sokolov,2012,Biological motion processing: the left cerebellum communicates with the right superior temporal sulcus.,0.616666667,3
"Luo et al., 2015","Luo et al., 2015",fuzzy_match,26417673,Liu,2015,Neural basis of disgust perception in racial prejudice.,0.8,1
"Mackes et al., 2018","Mackes et al., 2018",exact_match,29890323,Mackes,2018,Tracking emotions in the brain - Revisiting the Empathic Accuracy Task.,1,1
"Mainieri et al., 2013","Mainieri et al., 2013",exact_match,23684882,Mainieri,2013,Differential role of the Mentalizing and the Mirror Neuron system in the imitation of communicative gestures.,1,1
"Majdandzic et al., 2016","Majdandzic et al., 2016",fuzzy_match,27568587,Majdandžić,2016,The selfless mind: How prefrontal involvement in mentalizing with similar and dissimilar others shapes empathy and prosocial behavior.,0.95,1
"Mano et al., 2011","Mano et al., 2011",exact_match,21600991,Mano,2011,The representation of social interaction in episodic memory: a functional MRI study.,1,1
"Mattan et al., 2018","Mattan et al., 2018",exact_match,29077925,Mattan,2018,External motivation to avoid prejudice alters neural responses to targets varying in race and status.,1,1
"Mazzola et al., 2016","Mazzola et al., 2016",exact_match,27375449,Mazzola,2016,What Impact does An Angry Context have Upon Us? The Effect of Anger on Functional Connectivity of the Right Insula and Superior Temporal Gyri.,1,1
"Mclatchie et al., 2016","Mclatchie et al., 2016",exact_match,26746179,Mclatchie,2016,'Imagined guilt' vs 'recollected guilt': implications for fMRI.,1,1
"Miedl et al., 2016","Miedl et al., 2016",exact_match,26892859,Miedl,2016,"Criticism hurts everybody, praise only some: Common and specific neural responses to approving and disapproving social-evaluative videos.",1,1
"Moll et al., 2012","Moll et al., 2012",exact_match,22956840,Moll,2012,A neural signature of affiliative emotion in the human septohypothalamic area.,1,1
"Morawetz et al., 2016","Morawetz et al., 2016",exact_match,27510495,Morawetz,2016,Intrinsic functional connectivity underlying successful emotion regulation of angry faces.,1,1
"Morese et al., 2019","Morese et al., 2019",exact_match,31056647,Morese,2019,Social support modulates the neural correlates underlying social exclusion.,1,1
"Murch et al., 2014","Murch et al., 2014",exact_match,23988759,Murch,2014,A neuroimaging investigation of attribute framing and individual differences.,1,1
"Nagals., 2015","Nagals., 2015",fuzzy_match,25640962,Nagels,2015,Feeling addressed! The role of body orientation and co-speech gesture in social communication.,0.833333333,1
"Neukel et al., 2019","Neukel et al., 2019",exact_match,30056560,Neukel,2019,Neural processing of the own child's facial emotions in mothers with a history of early life maltreatment.,1,1
"Otti et al., 2015","Otti et al., 2015",exact_match,26301900,Otti,2015,Is the Medial Prefrontal Cortex Necessary for Theory of Mind?,1,1
"Pehrs et al., 2017","Pehrs et al., 2017",exact_match,26604273,Pehrs,2017,The Temporal Pole Top-Down Modulates the Ventral Visual Stream During Social Cognition.,1,1
"Pierno et al., 2008","Pierno et al., 2008",exact_match,18633846,Pierno,2008,Observing social interactions: the effect of gaze.,1,1
"Platek et al., 2005","Platek et al., 2005",fuzzy_match,16035037,Platek,2006,Neural substrates for functionally discriminating self-face from personally familiar faces.,0.95,1
"Powers et al., 2016","Powers et al., 2016",exact_match,26206505,Powers,2016,Individual differences in response of dorsomedial prefrontal cortex predict daily social behavior.,1,1
"Quirin et al., 2012","Quirin et al., 2012",fuzzy_match,22841755,Quirin,2013,Neural correlates of social motivation: an fMRI study on power versus affiliation.,0.95,1
"Ramsey et al., 2013","Ramsey et al., 2013",exact_match,23249349,Ramsey,2013,Seeing it my way or your way: frontoparietal brain areas sustain viewpoint-independent perspective selection processes.,1,1
"Rauchbauer et al., 2015","Rauchbauer et al., 2015",exact_match,25929599,Rauchbauer,2015,Distinct neural processes are engaged in the modulation of mimicry by social group-membership and emotional expressions.,1,1
"Redcay et al., 2010a","Redcay et al., 2010a",exact_match,20096792,Redcay,2010,Live face-to-face interaction during fMRI: a new tool for social cognitive neuroscience.,1,1
"Redcay et al., 2010b","Redcay et al., 2010b",exact_match,20096792,Redcay,2010,Live face-to-face interaction during fMRI: a new tool for social cognitive neuroscience.,1,1
"Rice et al., 2016","Rice et al., 2016",exact_match,26608245,Rice,2016,Interaction matters: A perceived social partner alters the neural processing of human speech.,1,1
"Ruckmann et al., 2015","Ruckmann et al., 2015",exact_match,26323252,Ruckmann,2015,How pain empathy depends on ingroup/outgroup decisions: A functional magnet resonance imaging study.,1,1
"Rudorf et al., 2018","Rudorf et al., 2018",exact_match,29760183,Rudorf,2018,Neural Mechanisms Underlying Individual Differences in Control-Averse Behavior.,1,1
"Safron et al., 2018","Safron et al., 2018",exact_match,29330483,Safron,2018,"Neural Correlates of Sexual Orientation in Heterosexual, Bisexual, and Homosexual Women.",1,1
"Sander et al., 2005","Sander et al., 2005",exact_match,16055351,Sander,2005,Emotion and attention interactions in social cognition: brain regions involved in processing anger prosody.,1,1
"Sapey- Triomphe et al., 2017","Sapey- Triomphe et al., 2017",exact_match,28008075,Sapey-Triomphe,2017,Deciphering human motion to discriminate social interactions: a developmental neuroimaging study.,1,1
"Sato et al., 2019","Sato et al., 2019",exact_match,31090126,Sato,2019,Widespread and lateralized social brain activity for processing dynamic facial expressions.,1,1
"Schaefer et al., 2014","Schaefer et al., 2014",exact_match,24097375,Schaefer,2014,Rough primes and rough conversations: evidence for a modality-specific basis to mental metaphors.,1,1
"Scheuerecker et al., 2007","Scheuerecker et al., 2007",exact_match,17986835,Scheuerecker,2007,Cerebral differences in explicit and implicit emotional processing--an fMRI study.,1,1
"Schilbach et al., 2010","Schilbach et al., 2010",fuzzy_match,20188190,Chen,2010,'Do I like this person?' A network analysis of midline cortex during a social preference task.,0.666666667,1
"Schmitgen et al., 2016","Schmitgen et al., 2016",exact_match,26803059,Schmitgen,2016,Stimulus-dependent amygdala involvement in affective theory of mind generation.,1,1
"Scholz et al., 2017","Scholz et al., 2017",exact_match,28242678,Scholz,2017,A neural model of valuation and information virality.,1,1
"Schulte-Rüther et al., 2008","Schulte-Rüther et al., 2008",exact_match,18514546,Schulte-Rüther,2008,Gender differences in brain networks supporting empathy.,1,1
"Seehausen et al., 2016","Seehausen et al., 2016",exact_match,26812250,Seehausen,2016,Effects of empathic social responses on the emotions of the recipient.,1,1
"Seitz et al., 2008","Seitz et al., 2008",exact_match,18313858,Seitz,2008,Valuating other people's emotional face expression: a combined functional magnetic resonance imaging and electroencephalography study.,1,1
"Semrud-Clikeman et al., 2011","Semrud-Clikeman et al., 2011",exact_match,21606658,Semrud-Clikeman,2011,The role of the right hemisphere for processing of social interactions in normal adults using functional magnetic resonance imaging.,1,1
"Silani et al., 2013","Silani et al., 2013",exact_match,24068815,Silani,2013,Right supramarginal gyrus is crucial to overcome emotional egocentricity bias in social judgments.,1,1
"Singer et al., 2004","Singer et al., 2004",exact_match,14980212,Singer,2004,Brain responses to the acquired moral status of faces.,1,1
"Smith et al., 2017","Smith et al., 2017",exact_match,27007121,Smith,2017,Contributions of self-report and performance-based individual differences measures of social cognitive ability to large-scale neural network functioning.,1,1
"Sokolov et al., 2012","Sokolov et al., 2012",exact_match,22019860,Sokolov,2012,Biological motion processing: the left cerebellum communicates with the right superior temporal sulcus.,1,1
"Sperduti et al., 2014","Sperduti et al., 2014",exact_match,24414614,Sperduti,2014,Mirror Neuron System and Mentalizing System connect during online social interaction.,1,1
"Spunt et al., 2013","Spunt et al., 2013",exact_match,23221019,Spunt,2013,The busy social brain: evidence for automaticity and control in the neural systems supporting social cognition and action understanding.,1,1
"Spunt et al., 2015","Spunt et al., 2015",exact_match,25911123,Spunt,2015,Folk explanations of behavior: a specialized use of a domain-general mechanism.,1,1
"Spunt et al., 2019","Spunt et al., 2019",no_match,,,,,0,0
"Stanley et al., 2016","Stanley et al., 2016",exact_match,26656563,Stanley,2016,Getting to know you: general and specific neural computations for learning about people.,1,1
"Sugiura et al., 2008","Sugiura et al., 2008",exact_match,18501639,Sugiura,2008,Face-specific and domain-general characteristics of cortical responses during self-recognition.,1,1
"Sugiura et al., 2010","Sugiura et al., 2010",fuzzy_match,20350171,Sugiura,2011,Beyond the memory mechanism: person-selective and nonselective processes in recognition of personally familiar faces.,0.95,1
"Sumiya et al., 2017","Sumiya et al., 2017",exact_match,28477977,Sumiya,2017,Brain networks of social action-outcome contingency: The role of the ventral striatum in integrating signals from the sensory cortex and medial prefrontal cortex.,1,1
"Sun et al., 2016","Sun et al., 2016",exact_match,27494142,Sun,2016,The Neural Responses to Social Cooperation in Gain and Loss Context.,1,1
"Suslow et al., 2009","Suslow et al., 2009",exact_match,19347874,Suslow,2009,Attachment avoidance modulates neural response to masked facial emotion.,1,1
"Suslow et al., 2017","Suslow et al., 2017",exact_match,27856343,Suslow,2017,Brain response to masked and unmasked facial emotions as a function of implicit and explicit personality self-concept of extraversion.,1,1
"Takahashi et al., 2004","Takahashi et al., 2004",exact_match,15528097,Takahashi,2004,Brain activation associated with evaluative processes of guilt and embarrassment: an fMRI study.,1,1
"Tamir et al., 2010","Tamir et al., 2010",exact_match,20534459,Tamir,2010,Neural correlates of anchoring-and-adjustment during mentalizing.,1,1
"Tamir et al., 2015","Tamir et al., 2015",multiple_matches,26342221,Tamir,2016,Reading fiction and reading minds: the role of simulation in the default network.,0.95,3
"Tamir et al., 2015","Tamir et al., 2015",multiple_matches,27266443,Kirk,2016,Mindfulness training increases cooperative decision making in economic exchanges: Evidence from fMRI.,0.616666667,3
"Tamir et al., 2015","Tamir et al., 2015",multiple_matches,24936688,Cloutier,2014,Ventral medial prefrontal cortex and person evaluation: forming impressions of others varying in financial and moral status.,0.616666667,3
"Telzer et al., 2011","Telzer et al., 2011",exact_match,21703352,Telzer,2011,Neural regions associated with self control and mentalizing are recruited during prosocial behaviors towards the family.,1,1
"Thornton et al., 2013","Thornton et al., 2013",exact_match,23298748,Thornton,2013,Working memory for social information: chunking or domain-specific buffer?,1,1
"Toki et al, 2013","Toki et al, 2013",exact_match,24051621,Toki,2013,Automatic and intentional brain responses during evaluation of face approachability: correlations with trait anxiety.,1,1
"Tomova et al., 2017","Tomova et al., 2017",exact_match,27798249,Tomova,2017,Increased neural responses to empathy for pain might explain how acute stress increases prosociality.,1,1
"Trapp et al., 2014","Trapp et al., 2014",exact_match,24825504,Trapp,2014,Imagining triadic interactions simultaneously activates mirror and mentalizing systems.,1,1
"Tso et al., 2018","Tso et al., 2018",exact_match,29723244,Tso,2018,"The ""social brain"" is highly sensitive to the mere presence of social information: An automated meta-analysis and an independent study.",1,1
"Tsoi et al., 2016","Tsoi et al., 2016",exact_match,27165762,Tsoi,2016,Distinct neural patterns of social cognition for cooperation versus competition.,1,1
"Tylén et al., 2016","Tylén et al., 2016",exact_match,27039141,Tylén,2016,Trails of meaning construction: Symbolic artifacts engage the social brain.,1,1
"Uddin et al., 2005","Uddin et al., 2005",exact_match,15808992,Uddin,2005,"Self-face recognition activates a frontoparietal ""mirror"" network in the right hemisphere: an event-related fMRI study.",1,1
"Ueda et al., 2017","Ueda et al., 2017",exact_match,29039129,Ueda,2017,Implicit attitudes and executive control interact to regulate interest in extra-pair relationships.,1,1
"Van Der Heiden et al., 2013","Van Der Heiden et al., 2013",multiple_matches,23063451,van der Heiden,2013,Inter-individual differences in successful perspective taking during pain perception mediates emotional responsiveness in self and others: an fMRI study.,1,6
"Van Der Heiden et al., 2013","Van Der Heiden et al., 2013",multiple_matches,23876243,Anderson,2013,Sex differences in the development of brain mechanisms for processing biological motion.,0.8,6
"Van Der Heiden et al., 2013","Van Der Heiden et al., 2013",multiple_matches,22349798,Janowski,2013,Empathic choice involves vmPFC value signals that are modulated by social processing implemented in IPL.,0.666666667,6
"Van Der Heiden et al., 2013","Van Der Heiden et al., 2013",multiple_matches,23378834,Von Der Heide,2013,Anterior temporal face patches: a meta-analysis and empirical study.,0.666666667,6
"Van Der Heiden et al., 2013","Van Der Heiden et al., 2013",multiple_matches,23684882,Mainieri,2013,Differential role of the Mentalizing and the Mirror Neuron system in the imitation of communicative gestures.,0.666666667,6
"Van Der Heiden et al., 2013","Van Der Heiden et al., 2013",multiple_matches,24068815,Silani,2013,Right supramarginal gyrus is crucial to overcome emotional egocentricity bias in social judgments.,0.666666667,6
"Vanlangendonck et al., 2018","Vanlangendonck et al., 2018",exact_match,29221830,Vanlangendonck,2018,Distinguishable memory retrieval networks for collaboratively and non-collaboratively learned information.,1,1
"Wade-Bohleber et al., 2019","Wade-Bohleber et al., 2019",exact_match,30077577,Wade-Bohleber,2019,Thinking about the past to shape the present: neural activation during the recall of relationship episodes.,1,1
"Wagels et al., 2016","Wagels et al., 2016",fuzzy_match,26206505,Powers,2016,Individual differences in response of dorsomedial prefrontal cortex predict daily social behavior.,0.6,1
"Wagner et al., 2015","Wagner et al., 2015",exact_match,25298009,Wagner,2015,Beautiful friendship: Social sharing of emotions improves subjective feelings and activates the neural reward circuitry.,1,1
"Walbrin et al., 2018","Walbrin et al., 2018",exact_match,29476765,Walbrin,2018,Neural responses to visually observed social interactions.,1,1
"Walbrin et al., 2018a","Walbrin et al., 2018a",exact_match,29476765,Walbrin,2018,Neural responses to visually observed social interactions.,1,1
"Walbrin et al., 2018b","Walbrin et al., 2018b",exact_match,29476765,Walbrin,2018,Neural responses to visually observed social interactions.,1,1
"Walter et al., 2004a","Walter et al., 2004a",exact_match,15701234,Walter,2004,Understanding intentions in social interaction: the role of the anterior paracingulate cortex.,1,1
"Walter et al., 2004b","Walter et al., 2004b",exact_match,15701234,Walter,2004,Understanding intentions in social interaction: the role of the anterior paracingulate cortex.,1,1
"Wang et al., 2011","Wang et al., 2011",exact_match,21849560,Wang,2011,The control of mimicry by eye contact is mediated by medial prefrontal cortex.,1,1
"Weng et al., 2015","Weng et al., 2015",fuzzy_match,25697049,Quadflieg,2015,The neural basis of perceiving person interactions.,0.666666667,1
"Whitman et al., 2016","Whitman et al., 2016",multiple_matches,27477020,Wittmann,2016,Self-Other Mergence in the Frontal Cortex during Cooperation and Competition.,0.857142857,2
"Whitman et al., 2016","Whitman et al., 2016",multiple_matches,26481048,Han,2016,Common and distinct neural mechanisms of the fundamental dimensions of social cognition.,0.8,2
"Wildgruber et al., 2013","Wildgruber et al., 2013",exact_match,23667619,Wildgruber,2013,Different types of laughter modulate connectivity within distinct parts of the laughter perception network.,1,1
"Will et al., 2014","Will et al., 2014",multiple_matches,24652858,Will,2015,Acting on social exclusion: neural correlates of punishment and forgiveness of excluders.,0.95,2
"Will et al., 2014","Will et al., 2014",multiple_matches,23667619,Wildgruber,2013,Different types of laughter modulate connectivity within distinct parts of the laughter perception network.,0.807142857,2
"Wlodarski et al., 2016","Wlodarski et al., 2016",exact_match,27576746,Wlodarski,2016,When BOLD is thicker than water: processing social information about kin and friends at different levels of the social network.,1,1
"Wolf et al., 2010","Wolf et al., 2010",exact_match,19733672,Wolf,2010,Neural correlates of social cognition in naturalistic settings: a model-free analysis approach.,1,1
"Wolf et al., 2018","Wolf et al., 2018",exact_match,30154703,Wolf,2018,Interpretation of Social Interactions: Functional Imaging of Cognitive-Semiotic Categories During Naturalistic Viewing.,1,1
"Xie et al., 2016","Xie et al., 2016",exact_match,27095057,Xie,2016,How do you make me feel better? Social cognitive emotion regulation and the default mode network.,1,1
"Zahn et al., 2007","Zahn et al., 2007",exact_match,17404215,Zahn,2007,Social concepts are represented in the superior anterior temporal cortex.,1,1
"Zelinková et al., 2014","Zelinková et al., 2014",exact_match,25118071,Zelinková,2014,An evaluation of traffic-awareness campaign videos: empathy induction is associated with brain function within superior temporal sulcus.,1,1
"Zerubavel et al., 2015","Zerubavel et al., 2015",exact_match,26598684,Zerubavel,2015,Neural mechanisms tracking popularity in real-world social networks.,1,1
"Zhang et al., 2018","Zhang et al., 2018",exact_match,29740753,Zhang,2018,Facial Expression Enhances Emotion Perception Compared to Vocal Prosody: Behavioral and fMRI Studies.,1,1
"Zhou et al., 2014","Zhou et al., 2014",exact_match,24834034,Zhou,2014,Money talks: neural substrate of modulation of fairness by monetary incentives.,1,1
"Ziaei et al., 2016","Ziaei et al., 2016",exact_match,27716474,Ziaei,2016,The impact of aging on the neural networks involved in gaze and emotional processing.,1,1
"Zimmermann et al., 2018","Zimmermann et al., 2018",fuzzy_match,29077925,Mattan,2018,External motivation to avoid prejudice alters neural responses to targets varying in race and status.,0.6,1
Zink et al. 2008a,Zink et al. 2008a,exact_match,18439411,Zink,2008,Know your place: neural processing of social hierarchy in humans.,1,1
Zink et al. 2008b,Zink et al. 2008b,exact_match,18439411,Zink,2008,Know your place: neural processing of social hierarchy in humans.,1,1
"van den Bos et al., 2009","van den Bos et al., 2009",exact_match,19304843,van den Bos,2009,What motivates repayment? Neural correlates of reciprocity in the Trust Game.,1,1
"Špiláková et al., 2019","Špiláková et al., 2019",exact_match,30649548,Špiláková,2019,Dissecting social interaction: dual-fMRI reveals patterns of interpersonal brain-behavior relationships that dissociate among dimensions of social exchange.,1,1
"Anderson et al., 2013","Anderson et al., 2013",exact_match,23876243,Anderson,2013,Sex differences in the development of brain mechanisms for processing biological motion.,1,1
"Blackwood et al., 2003","Blackwood et al., 2003",exact_match,14568477,Blackwood,2003,Self-responsibility and the self-serving bias: an fMRI investigation of causal attributions.,1,1
"Chauvigne et al., 2018a","Chauvigne et al., 2018a",multiple_matches,29324862,Chauvigné,2018,Taking two to tango: fMRI analysis of improvised joint action with physical contact.,0.95,2
"Chauvigne et al., 2018a","Chauvigne et al., 2018a",multiple_matches,30349467,Chauvigné,2018,Role-Specific Brain Activations in Leaders and Followers During Joint Action.,0.95,2
"Chauvigne et al., 2018b","Chauvigne et al., 2018b",multiple_matches,29324862,Chauvigné,2018,Taking two to tango: fMRI analysis of improvised joint action with physical contact.,0.95,2
"Chauvigne et al., 2018b","Chauvigne et al., 2018b",multiple_matches,30349467,Chauvigné,2018,Role-Specific Brain Activations in Leaders and Followers During Joint Action.,0.95,2
"Cikara et al., 2011","Cikara et al., 2011",exact_match,20350187,Cikara,2011,From agents to objects: sexist attitudes and neural responses to sexualized targets.,1,1
"Dimenichi et al., 2016","Dimenichi et al., 2016",multiple_matches,27090501,Kawamichi,2016,Increased frequency of social interaction is associated with enjoyment enhancement and reward system activation.,0.714285714,3
"Dimenichi et al., 2016","Dimenichi et al., 2016",multiple_matches,27095057,Xie,2016,How do you make me feel better? Social cognitive emotion regulation and the default mode network.,0.666666667,3
"Dimenichi et al., 2016","Dimenichi et al., 2016",multiple_matches,27716474,Ziaei,2016,The impact of aging on the neural networks involved in gaze and emotional processing.,0.6,3
"Ebisch et al., 2014","Ebisch et al., 2014",exact_match,24666131,Ebisch,2014,Reach out and touch someone: anticipatory sensorimotor processes of active interpersonal touch.,1,1
"Emmerling et al., 2016","Emmerling et al., 2016",exact_match,27096431,Emmerling,2016,The Role of the Insular Cortex in Retaliation.,1,1
"Emonds et al., 2014","Emonds et al., 2014",exact_match,24294906,Emonds,2014,Establishing cooperation in a mixed-motive social dilemma. An fMRI study investigating the role of social value orientation and dispositional trust.,1,1
"Ermer et al., 2006","Ermer et al., 2006",exact_match,18633788,Ermer,2006,"Theory of mind broad and narrow: reasoning about social exchange engages ToM areas, precautionary reasoning does not.",1,1
"Farrow et al., 2001","Farrow et al., 2001",exact_match,11496124,Farrow,2001,Investigating the functional anatomy of empathy and forgiveness.,1,1
"Farrow et al., 2011","Farrow et al., 2011",exact_match,21664277,Farrow,2011,Higher or lower? The functional anatomy of perceived allocentric social hierarchies.,1,1
"Fehr et al., 2014","Fehr et al., 2014",exact_match,24814646,Fehr,2014,Neural correlates of the empathic perceptual processing of realistic social interaction scenarios displayed from a first-order perspective.,1,1
"George et al., 2001","George et al., 2001",exact_match,11352615,George,2001,Seen gaze-direction modulates fusiform activity and its coupling with other brain areas during face processing.,1,1
"Gordon et al., 2011","Gordon et al., 2011",fuzzy_match,21320516,Kohn,2011,Gender differences in the neural correlates of humor processing: implications for different processing modes.,0.666666667,1
"Haist et al., 2010","Haist et al., 2010",exact_match,21206532,Haist,2010,Individuating faces and common objects produces equal responses in putative face-processing areas in the ventral occipitotemporal cortex.,1,1
"Harris et al., 2007","Harris et al., 2007",exact_match,18985118,Harris,2007,Social groups that elicit disgust are differentially processed in mPFC.,1,1
"Harris et al., 2010","Harris et al., 2010",exact_match,20119878,Harris,2010,Neural regions that underlie reinforcement learning are also active for social expectancy violations.,1,1
"Heyda et al., 2010","Heyda et al., 2010",exact_match,20056152,Heyda,2010,Brain mechanisms for representing what another person sees.,1,1
"Hoffman et al., 2000","Hoffman et al., 2000",exact_match,10607399,Hoffman,2000,Distinct representations of eye gaze and identity in the distributed human neural system for face perception.,1,1
"Hortensius et al., 2014","Hortensius et al., 2014",exact_match,24583253,Hortensius,2014,The neural basis of the bystander effect--the influence of group size on neural activity when witnessing an emergency.,1,1
"Huis in ‘t Veld et al., 2015","Huis in ‘t Veld et al., 2015",exact_match,25716010,Huis In 't Veld,2015,From personal fear to mass panic: The neurological basis of crowd perception.,1,1
"Iacobani et al., 2004","Iacobani et al., 2004",fuzzy_match,15006683,Iacoboni,2004,Watching social interactions produces dorsomedial prefrontal and medial parietal BOLD fMRI signal increases compared to a resting baseline.,0.875,1
"Javor et al., 2019","Javor et al., 2019",exact_match,31598216,Javor,2019,"Social cognition, behaviour and therapy adherence in frontal lobe epilepsy: a study combining neuroeconomic and neuropsychological methods.",1,1
"Kelly et al., 2014","Kelly et al., 2014",exact_match,24639542,Kelly,2014,Attributing awareness to oneself and to others.,1,1
"Klasen et al., 2011","Klasen et al., 2011",exact_match,21940454,Klasen,2011,Supramodal representation of emotions.,1,1
"Krueger et al., 2014","Krueger et al., 2014",exact_match,23887810,Krueger,2014,An fMRI investigation of the effects of belief in free will on third-party punishment.,1,1
"Krämer et al., 2010","Krämer et al., 2010",exact_match,19944083,Krämer,2010,Emotional and cognitive aspects of empathy and their relation to social cognition--an fMRI-study.,1,1
"Materna et al., 2008","Materna et al., 2008",exact_match,18585742,Materna,2008,The posterior superior temporal sulcus is involved in social communication not specific for the eyes.,1,1
"Mende-Siedlecki et al., 2016","Mende-Siedlecki et al., 2016",exact_match,27217118,Mende-Siedlecki,2016,Neural dissociations between meaningful and mere inconsistency in impression updating.,1,1
"Montgomery et al., 2008","Montgomery et al., 2008",exact_match,18370602,Montgomery,2008,Mirror neuron system differentially activated by facial expressions and social hand gestures: a functional magnetic resonance imaging study.,1,1
"Petrini et al., 2014","Petrini et al., 2014",exact_match,24824165,Petrini,2014,Look at those two!: The precuneus role in unattended third-person perspective of social interactions.,1,1
"Podrebarac et al., 2013","Podrebarac et al., 2013",exact_match,23435496,Podrebarac,2013,Gender-selective neural populations: evidence from event-related fMRI repetition suppression.,1,1
"Polosan et al., 2011","Polosan et al., 2011",exact_match,21955370,Polosan,2011,An fMRI study of the social competition in healthy subjects.,1,1
"Quadflieg et al., 2015","Quadflieg et al., 2015",exact_match,25697049,Quadflieg,2015,The neural basis of perceiving person interactions.,1,1
"Reniers et al., 2014","Reniers et al., 2014",exact_match,24294841,Reniers,2014,"Empathy, ToM, and self-other differentiation: an fMRI study of internal states.",1,1
"Rilling et al., 2008","Rilling et al., 2008",exact_match,18486491,Rilling,2008,Social cognitive neural networks during in-group and out-group interactions.,1,1
"Saarela et al., 2008","Saarela et al., 2008",exact_match,18633834,Saarela,2008,Listening to humans walking together activates the social brain circuitry.,1,1
"Saggar et al., 2014","Saggar et al., 2014",exact_match,24084068,Saggar,2014,Revealing the neural networks associated with processing of natural social interaction and the related effects of actor-orientation and face-visibility.,1,1
"Sassa et al., 2007","Sassa et al., 2007",exact_match,17627852,Sassa,2007,Cortical mechanism of communicative speech production.,1,1
"Schilbach et al., 2006","Schilbach et al., 2006",exact_match,16171833,Schilbach,2006,Being with virtual others: Neural correlates of social interaction.,1,1
"Schneider et al., 2014","Schneider et al., 2014",exact_match,25042446,Schneider,2014,Implicit false-belief processing in the human brain.,1,1
"Shultz et al., 2012","Shultz et al., 2012",exact_match,22360624,Shultz,2012,The superior temporal sulcus differentiates communicative and noncommunicative auditory signals.,1,1
"Steinbeis et al., 2008","Steinbeis et al., 2008",fuzzy_match,18313858,Seitz,2008,Valuating other people's emotional face expression: a combined functional magnetic resonance imaging and electroencephalography study.,0.666666667,1
"Suzuki et al., 2012","Suzuki et al., 2012",exact_match,22726841,Suzuki,2012,Learning to simulate others' decisions.,1,1
"Todorov et al., 2007","Todorov et al., 2007",exact_match,16759672,Todorov,2007,Spontaneous retrieval of affective person knowledge in face perception.,1,1
"Van den Stock et al., 2015","Van den Stock et al., 2015",multiple_matches,26337369,Van den Stock,2015,Personality traits predict brain activation and connectivity when witnessing a violent conflict.,1,7
"Van den Stock et al., 2015","Van den Stock et al., 2015",multiple_matches,25315788,Anders,2015,Social gating of sensory information during ongoing communication.,0.8,7
"Van den Stock et al., 2015","Van den Stock et al., 2015",multiple_matches,25944965,Barman,2015,Gender-specific modulation of neural mechanisms underlying social reward processing by Autism Quotient.,0.8,7
"Van den Stock et al., 2015","Van den Stock et al., 2015",multiple_matches,25298009,Wagner,2015,Beautiful friendship: Social sharing of emotions improves subjective feelings and activates the neural reward circuitry.,0.666666667,7
"Van den Stock et al., 2015","Van den Stock et al., 2015",multiple_matches,25534111,Caruana,2015,A frontotemporoparietal network common to initiating and responding to joint attention bids.,0.666666667,7
"Van den Stock et al., 2015","Van den Stock et al., 2015",multiple_matches,26254589,Kanske,2015,Dissecting the social brain: Introducing the EmpaToM to reveal distinct neural networks and brain-behavior relations for empathy and Theory of Mind.,0.666666667,7
"Van den Stock et al., 2015","Van den Stock et al., 2015",multiple_matches,26323252,Ruckmann,2015,How pain empathy depends on ingroup/outgroup decisions: A functional magnet resonance imaging study.,0.666666667,7
"Volz et al., 2015","Volz et al., 2015",exact_match,25729358,Volz,2015,The neural basis of deception in strategic interactions.,1,1
"Von Der Heide et al., 2013","Von Der Heide et al., 2013",multiple_matches,23378834,Von Der Heide,2013,Anterior temporal face patches: a meta-analysis and empirical study.,1,6
"Von Der Heide et al., 2013","Von Der Heide et al., 2013",multiple_matches,22125232,Gordon,2013,Brain mechanisms for processing affective touch.,0.8,6
"Von Der Heide et al., 2013","Von Der Heide et al., 2013",multiple_matches,23298748,Thornton,2013,Working memory for social information: chunking or domain-specific buffer?,0.8,6
"Von Der Heide et al., 2013","Von Der Heide et al., 2013",multiple_matches,23876243,Anderson,2013,Sex differences in the development of brain mechanisms for processing biological motion.,0.8,6
"Von Der Heide et al., 2013","Von Der Heide et al., 2013",multiple_matches,23063451,van der Heiden,2013,Inter-individual differences in successful perspective taking during pain perception mediates emotional responsiveness in self and others: an fMRI study.,0.666666667,6
"Von Der Heide et al., 2013","Von Der Heide et al., 2013",multiple_matches,23574585,Contreras,2013,Common brain regions with distinct patterns of neural responses during mentalizing about groups and individuals.,0.666666667,6
"Völlm et al., 2006","Völlm et al., 2006",exact_match,16122944,Völlm,2006,Neuronal correlates of theory of mind and empathy: a functional magnetic resonance imaging study in a nonverbal task.,1,1
"Winston et al., 2002","Winston et al., 2002",exact_match,11850635,Winston,2002,Automatic and intentional brain responses during evaluation of trustworthiness of faces.,1,1
