meta_pmid,study_pmid,status,final_status,title,Author,corrected_status,reason,SourceSheet,posthoc_status,posthoc_reason
36436737,10607399,YES,YES,Distinct representations of eye gaze and identity in the distributed human neural system for face perception.,Hoffman EA,YES,,YES,,
36436737,10943684,YES,NO,Differential response in the human amygdala to racial outgroup vs ingroup face stimuli.,Hart AJ,,,YES,,
36436737,11352615,YES,YES,Seen gaze-direction modulates fusiform activity and its coupling with other brain areas during face processing.,George N,YES,,YES,NO,"Full-text unavailable, exclude"
36436737,11496124,YES,YES,Investigating the functional anatomy of empathy and forgiveness.,Farrow TF,YES,,YES,,
36436737,11850635,YES,YES,Automatic and intentional brain responses during evaluation of trustworthiness of faces.,Winston JS,YES,,YES,,
36436737,12202103,NO,NO,Hyperscanning: simultaneous fMRI during linked social interactions.,Montague PR ,NO,NotHealthy,YES,,
36436737,14568477,YES,YES,Self-responsibility and the self-serving bias: an fMRI investigation of causal attributions.,Blackwood NJ,YES,,YES,,
36436737,14980212,YES,YES,Brain responses to the acquired moral status of faces.,Singer T,YES,,YES,,
36436737,15006683,YES,YES,Watching social interactions produces dorsomedial prefrontal and medial parietal BOLD fMRI signal increases compared to a resting baseline.,Iacoboni M,YES,,YES,,
36436737,15327630,YES,NO,When strangers pass: processing of mutual and averted social gaze in the superior temporal sulcus.,Pelphrey K,YES,"NoCoordinates, Maybe",YES,YES,"LLM going beyond instructions to say not ""generalizable"""
36436737,15488424,YES,YES,The neural bases of cooperation and competition: an fMRI investigation.,Decety J,YES,,YES,,
36436737,15528097,YES,YES,Brain activation associated with evaluative processes of guilt and embarrassment: an fMRI study.,Takahashi H,YES,,YES,,
36436737,15668098,NO,NO,Mapping brain maturation and cognitive development during adolescence.,Paus T,NO,Non-Adults,Non-Adults,,
36436737,15701234,YES,YES,Understanding intentions in social interaction: the role of the anterior paracingulate cortex.,Walter H,YES,,YES,,
36436737,15808992,NO,YES,"Self-face recognition activates a frontoparietal ""mirror"" network in the right hemisphere: an event-related fMRI study.",,YES,Age,,,
36436737,15862225,YES,NO,Forming impressions of people versus inanimate objects: social-cognitive processing in the medial prefrontal cortex.,Mitchell JP,YES,,YES,,
36436737,16023041,NO,NO,"Taking an ""intentional stance"" on eye-gaze shifts: a functional neuroimaging study of social perception in children.",Mosconi MW,NO,Non-Adults,Non-Adults,,
36436737,16035037,YES,YES,Neural substrates for functionally discriminating self-face from personally familiar faces.,Platek SM,YES,,YES,,
36436737,16055351,YES,YES,Emotion and attention interactions in social cognition: brain regions involved in processing anger prosody.,Sanders D,YES,,YES,,
36436737,16122944,YES,YES,Neuronal correlates of theory of mind and empathy: a functional magnetic resonance imaging study in a nonverbal task.,Vollm BA,YES,,YES,,
36436737,16171833,YES,YES,Being with virtual others: Neural correlates of social interaction.,Schilbach L,YES,,YES,,
36436737,16406606,YES,YES,Similar brain networks for detecting visuo-motor and visuo-proprioceptive synchrony.,Balsev D,YES,,YES,,
36436737,16759672,YES,YES,Spontaneous retrieval of affective person knowledge in face perception.,,YES,,,,
36436737,17055981,YES,NO,Cortical responses to invisible faces: dissociating subsystems for facial-information processing.,,NO,ROI,,NO,Only ROI data is shown
36436737,17071110,YES,YES,Evidence for a different role of the ventral and dorsal medial prefrontal cortex for social reactive aggression: An interactive fMRI study.,Lotze M,YES,,YES,,
36436737,17100784,YES,NO,Dehumanizing the lowest of the low: neuroimaging responses to extreme out-groups.,Harris LT,YES,NoCoordiantes,YES,,
36436737,17404215,YES,YES,Social concepts are represented in the superior anterior temporal cortex.,Zahn R,YES,,YES,,
36436737,17408704,YES,YES,Neural processing of the own child's facial emotions in mothers with a history of early life maltreatment.,Habel U,YES,,YES,,
36436737,17499173,NO,NO,Beyond grasping: representation of action in human anterior intraparietal sulcus.,Tunik E,NO,Non-Human,Non-Human,,
36436737,17536964,YES,NO,Distinct regions of the medial prefrontal cortex are associated with self-referential processing and perspective taking.,D'Argembeau A,YES,Only PDF,YES,,
36436737,17627852,YES,YES,Cortical mechanism of communicative speech production.,Yuko Sassa,YES,,YES,,
36436737,17964185,NO,YES,Why are friends special? Implementing a social interaction simulation task to probe the neural correlates of friendship.,Güroğlu B,YES,NotHealthy,YES,,
36436737,17986835,YES,YES,Cerebral differences in explicit and implicit emotional processing--an fMRI study.,Scheuerecker J,YES,,YES,,
36436737,18082427,NO,NO,Mirroring others' emotions relates to empathy and interpersonal competence in children.,,NO,Non-Adults,,,
36436737,18234518,YES,NO,Cognitive control in social situations: a role for the dorsolateral prefrontal cortex.,Weissman DH,NO,Atypical,YES,NO,"Main whole-brain analyses are not reported, only timecourses in ROIs"
36436737,18313858,,YES,Valuating other people's emotional face expression: a combined functional magnetic resonance imaging and electroencephalography study.,,YES,,,,
36436737,18370602,YES,YES,Mirror neuron system differentially activated by facial expressions and social hand gestures: a functional magnetic resonance imaging study.,,YES,,,,
36436737,18375769,NO,NO,Perception of emotional expressions is independent of face selectivity in monkey inferior temporal cortex.,Hadj-Bouziane F,NO,Non-Human,Non-Human,,
36436737,18431500,YES,NO,Cooperation and deception recruit different subsets of the theory-of-mind network.,Montgomery KJ,YES,,YES,,
36436737,18439411,YES,YES,Know your place: neural processing of social hierarchy in humans.,Zink CF,YES,,YES,,
36436737,18486489,YES,NO,"Self, mother and abstract other: an fMRI study of reflective social processing.",Vanderwal T,YES,,YES,,
36436737,18486491,NO,YES,Social cognitive neural networks during in-group and out-group interactions.,,YES,???,,,
36436737,18501639,YES,YES,Face-specific and domain-general characteristics of cortical responses during self-recognition.,Sugiura M,YES,,YES,,
36436737,18514546,YES,YES,Gender differences in brain networks supporting empathy.,Schulte-Rüther M,YES,,YES,,
36436737,18537114,YES,YES,Frontal operculum temporal difference signals and social motor response learning.,Kumar P,YES,,YES,,
36436737,18573266,NO,NO,Who caused the pain? An fMRI investigation of empathy and intentionality in children.,Decety J,NO,Non-Adults,Non-Adults,,
36436737,18585742,YES,YES,The posterior superior temporal sulcus is involved in social communication not specific for the eyes.,Materna S,YES,,YES,,
36436737,18586108,NO,NO,Your hand or mine? The extrastriate body area.,Meyers A ,NO,NotHealthy,YES,,
36436737,18603608,NO,YES,Understanding the intentions behind man-made products elicits neural activity in areas dedicated to mental state attribution.,Steinbeis N,YES,NotHealthy,YES,,
36436737,18633788,YES,YES,"Theory of mind broad and narrow: reasoning about social exchange engages ToM areas, precautionary reasoning does not.",Ermer E,YES,,YES,,
36436737,18633834,YES,YES,Listening to humans walking together activates the social brain circuitry.,,YES,,,,
36436737,18633845,YES,NO,What's in a smile? Neural correlates of facial embodiment during social interaction.,,YES,,,,
36436737,18633846,YES,YES,Observing social interactions: the effect of gaze.,peirno ac,YES,,YES,,
36436737,18633856,YES,YES,Friend or foe? Brain systems involved in the perception of dynamic signals of menacing and friendly social approaches.,Carter EJ,YES,,YES,,
36436737,18783371,YES,YES,Through the looking glass: counter-mirror activation following incompatible sensorimotor learning.,Catmur ,YES,,YES,,
36436737,18985118,YES,YES,Social groups that elicit disgust are differentially processed in mPFC.,Harris LT,YES,,YES,,
36436737,18985119,YES,YES,Social interaction modifies neural response to gaze shifts.,Bristow D,YES,,YES,,
36436737,19015088,NO,YES,Mapping social target detection with functional magnetic resonance imaging.,Ditcher GS,YES,NotHealthy,YES,,
36436737,19048432,YES,YES,Dynamic pupillary exchange engages brain regions encoding social salience.,Harrison NA,YES,,YES,,
36436737,19048446,NO,NO,Developmental frontal lobe imaging in moral judgment: Arthur Benton's enduring influence 60 years later.,Eslinger PJ,NO,Non-Adults,Non-Adults,,
36436737,19107754,NO,YES,Neural basis of individualistic and collectivistic views of self.,Chiao JY,YES,NotHealthy,YES,,
36436737,19136216,YES,YES,Amygdala activity to fear and anger in healthy young males is associated with testosterone.,Dernti B,YES,,YES,NO,Not Whole Brain
36436737,19199417,,YES,How do we empathize with someone who is not like us? A functional magnetic resonance imaging study.,Lamm C,YES,,YES,,
36436737,19199419,YES,NO,Cross-cultural reading the mind in the eyes: an fMRI investigation.,Adams RB,YES,,YES,,
36436737,19304843,YES,YES,What motivates repayment? Neural correlates of reciprocity in the Trust Game.,Van den bos,YES,,YES,,
36436737,19347874,YES,YES,Attachment avoidance modulates neural response to masked facial emotion.,Suslow T,YES,,YES,,
36436737,19384602,YES,NO,Audiovisual non-verbal dynamic faces elicit converging fMRI and ERP responses.,,NO,NotHealthy,,YES,Subjects are healthy 
36436737,19439183,YES,YES,Social context and perceived agency affects empathy for pain: an event-related fMRI investigation.,,YES,,,,
36436737,19596021,YES,NO,Cerebral representation of non-verbal emotional perception: fMRI reveals audiovisual integration area between voice- and face-sensitive regions in the superior temporal sulcus.,Kreifelts B,NO,Atypical,YES,,
36436737,19630890,NO,NO,Probing the neural correlates of anticipated peer evaluation in adolescence.,Guyer AE,NO,Non-Adults,Non-Adults,,
36436737,19630891,NO,NO,Neural correlates of direct and reflected self-appraisals in adolescents and adults: when social perspective-taking informs self-perception.,Pfeifer JH,NO,Age,YES,YES,Adult only data is reported
36436737,19733672,YES,YES,Neural correlates of social cognition in naturalistic settings: a model-free analysis approach.,,YES,,,,
36436737,19739909,NO,NO,Aging minds and twisting attitudes: an fMRI investigation of age differences in inhibiting prejudice.,differences in specific neural connections,NO,Non-Adults,Non-Adults,NO,No young only results reported
36436737,19944083,YES,YES,Emotional and cognitive aspects of empathy and their relation to social cognition--an fMRI-study.,,YES,,,,
36436737,20045478,YES,YES,When I think about me and simulate you: medial rostral prefrontal cortex and self-referential processes.,Benoit RG,YES,,YES,,
36436737,20056152,YES,YES,Brain mechanisms for representing what another person sees.,,YES,,,,
36436737,20071521,YES,YES,Value computations in ventral medial prefrontal cortex during charitable decision making incorporate input from regions involved in social cognition.,Hare TA,YES,,YES,,
36436737,20096792,YES,YES,Live face-to-face interaction during fMRI: a new tool for social cognitive neuroscience.,,YES,,,,
36436737,20098696,YES,NO,Common premotor regions for the perception and production of prosody and correlations with empathy and prosodic ability.,Aziz Zedah,YES,No Coordinates,YES,,
36436737,20119878,YES,YES,Neural regions that underlie reinforcement learning are also active for social expectancy violations.,,YES,,,,
36436737,20188182,YES,YES,Love hurts: an fMRI study.,Cheng Y,YES,,YES,,
36436737,20188190,YES,YES,'Do I like this person?' A network analysis of midline cortex during a social preference task.,,YES,,,,
36436737,20350167,NO,NO,The role of the human prefrontal cortex in social cognition and moral judgment.,Forbes CE,NO,NotOriginal,YES,,
36436737,20350171,YES,YES,Beyond the memory mechanism: person-selective and nonselective processes in recognition of personally familiar faces.,Sugiura M,YES,,YES,,
36436737,20350187,,YES,From agents to objects: sexist attitudes and neural responses to sexualized targets.,,YES,,,,
36436737,20401807,NO,NO,Resisting motor mimicry: control of imitation involves processes central to social cognition in patients with frontal and temporo-parietal lesions.,,NO,NotHealthy,,,
36436737,20439736,YES,NO,Mapping the information flow from one brain to another during gestural communication.,,NO,Atypical,,NO,"Atypical analysis - Granger causality is not the main task evoked effect. Although there are some whole-brain GLM results, they are not the critical contrast"
36436737,20460301,YES,NO,"Stop looking angry and smile, please: start and stop of the very same facial expression differentially activate threat- and reward-related brain networks.",Mühlberger A,NO,ROI,YES,,
36436737,20534459,YES,YES,Neural correlates of anchoring-and-adjustment during mentalizing.,Tamir DI,YES,,YES,,
36436737,20695655,NO,NO,A comparative view of face perception.,Leopold DA,NO,Non-Human,Non-Human,,
36436737,20705602,YES,YES,Eyes on me: an fMRI study of the effects of social gaze on action control.,Schilbach L,YES,,YES,,
36436737,20923708,NO,NO,Developmental influences on the neural bases of responses to social rejection: implications of social neuroscience for education.,Sebastian CL,NO,Age,YES,NO,Main adult effects are not separately reported
36436737,20943931,YES,NO,Clan mentality: evidence that the medial prefrontal cortex responds to close others.,,YES,No Coordinates,,,
36436737,20977559,NO,NO,Neurodevelopmental changes in the circuits underlying empathy and sympathy from childhood to adulthood.,Decety J,NO,Age,YES,,
36436737,21036192,NO,NO,The social brain in adolescence: evidence from functional magnetic resonance imaging and behavioural studies.,Burnett S,NO,Non-Adults,Non-Adults,,
36436737,21164174,NO,NO,"Changing brains, changing perspectives: the neurocognitive development of reciprocity.",Van den bos W,NO,Non-Adults,Non-Adults,,
36436737,21172325,YES,NO,I remember you: a role for memory in social cognition and the functional neuroanatomy of their interaction.,Sprung RN,NO,Atypical,YES,,
36436737,21206532,YES,YES,Individuating faces and common objects produces equal responses in putative face-processing areas in the ventral occipitotemporal cortex.,Haist F,YES,,YES,,
36436737,21249224,YES,YES,Recruitment of both the mirror and the mentalizing networks when observing social interactions depicted by point-lights: a neuroimaging study.,Centelles L,YES,,YES,,
36436737,21278194,NO,NO,Development of the action observation network during early adolescence: a longitudinal study.,Shaw DJ,NO,Non-Adults,Non-Adults,,
36436737,21320516,YES,YES,Gender differences in the neural correlates of humor processing: implications for different processing modes.,Kohn N,YES,,YES,,
36436737,21569855,YES,YES,An fMRI study of violations of social expectations: when people are not who we expect them to be.,Cloutier J,YES,,YES,,
36436737,21600991,YES,YES,The representation of social interaction in episodic memory: a functional MRI study.,Mano Y,YES,,YES,,
36436737,21606658,YES,YES,The role of the right hemisphere for processing of social interactions in normal adults using functional magnetic resonance imaging.,Semrud-Clikeman M,YES,,YES,,
36436737,21664277,,YES,Higher or lower? The functional anatomy of perceived allocentric social hierarchies.,Farrow TF,YES,,YES,,
36436737,21703352,NO,YES,Neural regions associated with self control and mentalizing are recruited during prosocial behaviors towards the family.,Telzer EH,YES,NotHealthy,YES,,
36436737,21723130,NO,NO,Early specialization for voice and emotion processing in the infant brain.,Blasi A,NO,Non-Adults,Non-Adults,,
36436737,21761508,YES,NO,Functional dissociation of the left and right fusiform gyrus in self-face recognition.,Ma Y,YES,NoCoordinates,YES,,
36436737,21775952,NO,NO,Brain imaging investigation of the neural correlates of observing virtual social interactions.,Sung K,NO,NotHealthy,YES,NO,Not a real original study
36436737,21812564,NO,NO,Development of functional connectivity during adolescence: a longitudinal study using an action-observation paradigm.,Shaw DJ,NO,Non-Adults,Non-Adults,,
36436737,21849560,YES,YES,The control of mimicry by eye contact is mediated by medial prefrontal cortex.,Wang Y,YES,,YES,,
36436737,21862446,YES,YES,Orbitofrontal cortex and anterior cingulate cortex are modulated by motivated social cognition.,Hughes BL,YES,,YES,NO,Technically not whole brain
36436737,21864459,,YES,Cerebral correlates and statistical criteria of cross-modal face and voice integration.,,YES,,,,
36436737,21908447,YES,YES,Dissociable neural correlates of stereotypes and other forms of semantic knowledge.,,YES,,,,
36436737,21940454,YES,YES,Supramodal representation of emotions.,Klasen M,YES,,YES,,
36436737,21955370,YES,YES,An fMRI study of the social competition in healthy subjects.,Poloson M,YES,,YES,,
36436737,21981758,YES,NO,Differential brain responses to social exclusion by one's own versus opposite-gender peers.,Bolling DZ,YES,,YES,,
36436737,22003388,YES,NO,Predicting decisions in human social interactions using real-time fMRI and pattern classification.,Hollmann M,NO,"ROI, Atypical",YES,,
36436737,22019860,YES,YES,Biological motion processing: the left cerebellum communicates with the right superior temporal sulcus.,Sokolov AA,YES,,YES,,
36436737,22038344,NO,NO,"""Better the devil you know"": a preliminary study of the differential modulating effects of reputation on reward processing for boys with and without externalizing behavior problems.",Sharp C,NO,Non-Adults,Non-Adults,,
36436737,22125232,YES,YES,Brain mechanisms for processing affective touch.,Gordon I,YES,,YES,,
36436737,22174872,YES,YES,The neural correlates of emotional prosody comprehension: disentangling simple from complex emotion.,Alba-Ferrara L,YES,,YES,,
36436737,22257745,NO,NO,Rebelling against the brain: public engagement with the 'neurological adolescent'.,Choudhury SA,NO,Non-Adults,Non-Adults,,
36436737,22290781,YES,NO,Seeing is believing: neural mechanisms of action-perception are biased by team membership.,Molenberghs P,YES,,YES,,
36436737,22308468,NO,NO,Evidence for social working memory from a parametric functional MRI study.,,NO,,,YES,
36436737,22349798,YES,YES,Empathic choice involves vmPFC value signals that are modulated by social processing implemented in IPL.,Janowski V,YES,,YES,,
36436737,22360624,YES,YES,The superior temporal sulcus differentiates communicative and noncommunicative auditory signals.,Shultz S,YES,,YES,,
36436737,22371086,YES,NO,Age-related neural differences in affiliation and isolation.,Beadle JN,NO,Age,YES,NO,Young control results are not reported independently of older group
36436737,22403154,YES,NO,Neuroimaging self-esteem: a fMRI study of individual differences in women.,Frewen PA,YES,,YES,,
36436737,22434810,NO,NO,Development of the social brain in adolescence.,Blakemore SJ,NO,Non-Adults,Non-Adults,,
36436737,22439896,NO,NO,Age-related changes to the neural correlates of social evaluation.,Cassidy BS,NO,Non-Adults,Non-Adults,NO,Control young subjects results is not reported separately
36436737,22490923,YES,NO,The neural dynamics of updating person impressions.,Mende-Siedlecki  P,YES,,YES,,
36436737,22507230,YES,NO,Disentangling the brain networks supporting affective speech comprehension.,,NO,Not Social,,YES,"By definition on meta-analysis, it is a social task"
36436737,22507699,NO,NO,Imaging models of valuation during social interaction in humans.,Kishida KT,NO,NotOriginal,YES,,
36436737,22563005,NO,YES,Familiarity promotes the blurring of self and other in the neural representation of threat.,Beckes L,YES,NotHealthy,YES,,
36436737,22563008,NO,NO,Differential neurobiological effects of expert advice on risky choice in adolescents and adults.,Engelmann JB,NO,Non-Adults,Non-Adults,NO,Only developmental (age-related) effects are shown
36436737,22623534,YES,NO,Emotions promote social interaction by synchronizing brain activity across individuals.,Nummenmaa L,NO,Atypical,YES,NO,Atypical analysis - not main task evoked effect
36436737,22661409,YES,YES,Functional neural plasticity and associated changes in positive affect after compassion training.,,YES,,,,
36436737,22726841,YES,YES,Learning to simulate others' decisions.,Suzuki S,YES,,YES,,
36436737,22841755,YES,YES,Neural correlates of social motivation: an fMRI study on power versus affiliation.,Quirin N,YES,,YES,,
36436737,22848759,YES,YES,The neural bases of social intention understanding: the role of interaction goals.,Cannesa N,YES,,YES,,
36436737,22905026,YES,NO,Naturalistic FMRI mapping reveals superior temporal sulcus as the hub for the distributed brain network for social perception.,Lahnakoski JM,YES,,YES,,
36436737,22909094,NO,NO,Normal aging modulates prefrontoparietal networks underlying multiple memory processes.,Sambataro F,NO,Non-Adults,Non-Adults,,
36436737,22956840,YES,YES,A neural signature of affiliative emotion in the human septohypothalamic area.,Moll J,YES,,YES,,
36436737,22982277,NO,NO,The missing link: mothers' neural response to infant cry related to infant attachment behaviors.,Laurent HK,NO,Non-Adults,Non-Adults,YES,"Whole brain is shown, for adult group"
36436737,23063451,YES,YES,Inter-individual differences in successful perspective taking during pain perception mediates emotional responsiveness in self and others: an fMRI study.,Van der Heiden L,YES,,YES,,
36436737,23110882,YES,NO,fMRI reveals reciprocal inhibition between social and physical cognitive domains.,Jack AI,YES,,YES,,
36436737,23142071,NO,NO,Dissimilar processing of emotional facial expressions in human and monkey temporal cortex.,Zhu Q,NO,Non-Human,Non-Human,YES,Non-human but have human only results
36436737,23149446,NO,NO,Maternal interpersonal affiliation is associated with adolescents' brain structure and reward processing.,"Schneider S,",NO,Non-Adults,Non-Adults,,
36436737,23221019,NO,YES,The busy social brain: evidence for automaticity and control in the neural systems supporting social cognition and action understanding.,Spunt RP,YES,NotHealthy,YES,,
36436737,23249349,NO,YES,Seeing it my way or your way: frontoparietal brain areas sustain viewpoint-independent perspective selection processes.,Ramsey R,YES,NotHealthy,YES,,
36436737,23251653,YES,NO,FMRI evidence of 'mirror' responses to geometric shapes.,Press C,YES,,YES,,
36436737,23267322,YES,NO,Interaction vs. observation: distinctive modes of social cognition in human brain and behavior? A combined fMRI and eye-tracking study.,Tylen K,NO,ROI,YES,NO,Whole brain data is not reported
36436737,23298748,YES,YES,Working memory for social information: chunking or domain-specific buffer?,Thornton MA,YES,,YES,,
36436737,23327932,YES,YES,Reminders of mortality decrease midcingulate activity in response to others' suffering.,Luo S,YES,,YES,,
36436737,23378834,YES,YES,Anterior temporal face patches: a meta-analysis and empirical study.,Von Der Heide RJ,YES,Also includes a meta-analysis in the paper,YES,,
36436737,23435496,NO,YES,Gender-selective neural populations: evidence from event-related fMRI repetition suppression.,Podrebarac SK,YES,NotHealthy,YES,,
36436737,23460073,YES,YES,Responses of medial and ventrolateral prefrontal cortex to interpersonal conflict for resources.,Koban L,YES,,YES,,
36436737,23482624,YES,YES,From mind to matter: neural correlates of abstract and concrete mindsets.,Gilead M,YES,,YES,,
36436737,23508477,NO,YES,The neural correlates of beauty comparison.,Kedia G,YES,NotHealthy,YES,,
36436737,23528247,YES,NO,Decoding the representation of learned social roles in the human brain.,Eger M,NO,Atypical,YES,,
36436737,23574585,YES,YES,Common brain regions with distinct patterns of neural responses during mentalizing about groups and individuals.,Contreras JM,YES,,YES,,
36436737,23599165,YES,YES,The role of the posterior temporal and medial prefrontal cortices in mediating learning from romantic interest and rejection.,Cooper JC,YES,,YES,,
36436737,23620602,YES,YES,Do you mean me? Communicative intentions recruit the mirror and the mentalizing system.,Ciaramidaro A,YES,,YES,,
36436737,23639347,NO,NO,Childhood maternal support and social capital moderate the regulatory impact of social relationships in adulthood.,Coan JA,NO,Non-Adults,Non-Adults,YES,Scanning was done when participant were adults
36436737,23667619,YES,YES,Different types of laughter modulate connectivity within distinct parts of the laughter perception network.,Wildgruber D,YES,,YES,,
36436737,23684882,YES,YES,Differential role of the Mentalizing and the Mirror Neuron system in the imitation of communicative gestures.,Mainieri AG,YES,,YES,,
36436737,23696200,YES,YES,Compassion training alters altruism and neural responses to suffering.,Weng HY,YES,,YES,,
36436737,23720575,YES,YES,Reward-related neural responses are dependent on the beneficiary.,Braams BR,YES,,YES,,
36436737,23722983,YES,YES,Creating buzz: the neural correlates of effective message propagation.,Falk EB,YES,,YES,,
36436737,23740868,YES,YES,"The neural correlates of 'vitality form' recognition: an fMRI study: this work is dedicated to Daniel Stern, whose immeasurable contribution to science has inspired our research.",Di Ceasre,YES,,YES,,
36436737,23770622,YES,NO,Cognitive and affective theory of mind share the same local patterns of activity in posterior temporal but not medial prefrontal cortex.,Corradi-Dell'Acqua C,YES,,YES,,
36436737,23804962,NO,NO,The medial prefrontal cortex and the emergence of self-conscious emotion in adolescence.,,NO,Non-Adults,,,
36436737,23813661,YES,YES,Perceiving nonverbal behavior: neural correlates of processing movement fluency and contingency in dyadic interactions.,Georgescu AL,YES,,YES,,
36436737,23850465,NO,NO,Outcome dependency alters the neural substrates of impression formation.,Ames DL,NO,NotHealthy,YES,YES,"Not explicitly healthy, but inferred"
36436737,23876243,YES,YES,Sex differences in the development of brain mechanisms for processing biological motion.,,YES,,,,
36436737,23887806,YES,NO,From social-signal detection to higher social cognition: an fMRI approach.,Suguira M,YES,,YES,,
36436737,23887810,YES,YES,An fMRI investigation of the effects of belief in free will on third-party punishment.,Krueger F,YES,,YES,,
36436737,23911672,YES,NO,Superior temporal sulcus and social cognition in dangerous drivers.,Zelinkova J,YES,NotSocial?,YES,,
36436737,23917500,NO,NO,Social decision-making and theoretical neuroscience: prospects for human sciences and computational psychiatry,,NO,,,,
36436737,23948645,YES,NO,The functional architecture for face-processing expertise: FMRI evidence of the developmental trajectory of the core and the extended face systems.,Haist F,NO,Age,YES,,
36436737,23988759,NO,YES,A neuroimaging investigation of attribute framing and individual differences.,Murch,YES,NotHealthy,YES,,
36436737,24036130,NO,NO,Investigation of musicality in birdsong.,Rothenburg D,NO,Non-Human,Non-Human,,
36436737,24051621,YES,YES,Automatic and intentional brain responses during evaluation of face approachability: correlations with trait anxiety.,,YES,,,,
36436737,24068815,YES,YES,Right supramarginal gyrus is crucial to overcome emotional egocentricity bias in social judgments.,,YES,,,,
36436737,24084068,YES,YES,Revealing the neural networks associated with processing of natural social interaction and the related effects of actor-orientation and face-visibility.,Saggar M,YES,,YES,,
36436737,24089495,YES,NO,Imaging social motivation: distinct brain mechanisms drive effort production during collaboration versus competition.,Le Bouc,YES,,YES,,
36436737,24097375,YES,YES,Rough primes and rough conversations: evidence for a modality-specific basis to mental metaphors.,Schaefer M,YES,,YES,,
36436737,24106333,YES,NO,Individual differences in posterior cortical volume correlate with proneness to pride and gratitude.,Zahn R,NO,Atypical,YES,,
36436737,24144548,YES,NO,Interindividual synchronization of brain activity during live verbal communication.,Speigalhalder K,YES,,YES,,
36436737,24243619,YES,YES,Neural correlates of explicit social judgments on vocal stimuli.,Lukas Hansel,YES,,YES,,
36436737,24265613,YES,NO,Connecting multimodality in human communication.,Rogenbogen C,NO,Atypical,YES,NO,"Atypical analysis, not main task evoked effect"
36436737,24294841,YES,YES,"Empathy, ToM, and self-other differentiation: an fMRI study of internal states.",Reniers RL,YES,,YES,,
36436737,24294906,YES,YES,Establishing cooperation in a mixed-motive social dilemma. An fMRI study investigating the role of social value orientation and dispositional trust.,Emonds G,YES,,YES,,
36436737,24341069,NO,NO,Social neuroscience and psychiatry,,NO,NoCoordiantes,,,
36436737,24381271,NO,NO,Heterogeneous single-unit selectivity in an fMRI-defined body-selective patch.,Popivanov ID,NO,Non-Human,Non-Human,,
36436737,24412433,NO,NO,When a loved one feels unfamiliar: a case study on the neural basis of Capgras delusion.,Thiel CM,NO,"Age, NotHealthy",YES,NO,Control participants are older
36436737,24412687,YES,NO,Developmental changes of neuronal networks associated with strategic social decision-making.,Steinmann E,NO,Non-Adults,YES,NO,Adult group results not reported
36436737,24414614,YES,YES,Mirror Neuron System and Mentalizing System connect during online social interaction.,Sperduti M,YES,,YES,,
36436737,24447026,YES,NO,Functional parcellation of the human primary somatosensory cortex to natural touch.,Malilen S,NO,Atypical,YES,,
36436737,24462962,YES,YES,Social cognition and neural substrates of face perception: implications for neurodevelopmental and neuropsychiatric disorders.,Lazar SM,YES,,YES,,
36436737,24478377,NO,NO,"A common cortical metric for spatial, temporal, and social distance.",Parkinson C,NO,NotHealthy,YES,YES,Healthy not explicit but true
36436737,24493846,NO,NO,The social network-network: size is predicted by brain structure and function in the amygdala and paralimbic regions.,Von der Heide R,NO,ROI,YES,,
36436737,24582805,YES,YES,But do you think I'm cool? Developmental differences in striatal recruitment during direct and reflected social self-evaluations.,Jankowski KF,YES,,YES,,
36436737,24583253,YES,YES,The neural basis of the bystander effect--the influence of group size on neural activity when witnessing an emergency.,Hortensius R,YES,,YES,,
36436737,24607363,NO,NO,Scent of the familiar: an fMRI study of canine brain responses to familiar and unfamiliar human and dog odors.,Berns GS,NO,Non-Human,Non-Human,,
36436737,24633532,YES,YES,"Neural correlates of attributing causes to the self, another person and the situation.",Kestemont J,YES,,YES,,
36436737,24639542,YES,YES,Attributing awareness to oneself and to others.,Kelly YT,YES,,YES,,
36436737,24652858,YES,YES,Acting on social exclusion: neural correlates of punishment and forgiveness of excluders.,Will GJ,YES,,YES,,
36436737,24666131,YES,YES,Reach out and touch someone: anticipatory sensorimotor processes of active interpersonal touch.,Ebisch J,YES,,YES,,
36436737,24700584,YES,YES,Reflections of Oneself: Neurocognitive Evidence for Dissociable Forms of Self-Referential Recollection.,Bergstrom ZM,YES,,YES,,
36436737,24726338,YES,YES,Reduced self-referential neural response during intergroup competition predicts competitor harm.,Cikara M,YES,,YES,,
36436737,24760733,YES,NO,Facial color processing in the face-selective regions: an fMRI study.,Nakajima K,NO,NotSocial,YES,YES,Social task
36436737,24772075,NO,YES,Cultural influences on social feedback processing of character traits.,Korn CW,YES,NotHealthy,YES,,
36436737,24795436,NO,NO,The neural correlates of emotion alignment in social interaction.,Prehn K,NO,,YES,YES,Healthy participants
36436737,24814646,YES,YES,Neural correlates of the empathic perceptual processing of realistic social interaction scenarios displayed from a first-order perspective.,Fehr T,YES,,YES,,
36436737,24824165,YES,YES,Look at those two!: The precuneus role in unattended third-person perspective of social interactions.,Petrini K,YES,,YES,,
36436737,24825504,YES,YES,Imagining triadic interactions simultaneously activates mirror and mentalizing systems.,Trapp K,YES,,YES,,
36436737,24834034,YES,YES,Money talks: neural substrate of modulation of fairness by monetary incentives.,Zhou Y,YES,Technically not whole brain,YES,NO,Technically Not Whole Brain
36436737,24842782,YES,YES,Orbitofrontal Cortex Reactivity to Angry Facial Expression in a Social Interaction Correlates with Aggressive Behavior.,Beyer F,YES,,YES,,
36436737,24880954,YES,NO,Different impressions of other agents obtained through social interaction uniquely modulate dorsal and ventral pathway activities in the social human brain.,Takahashi H,YES,,YES,,
36436737,24936688,YES,YES,Ventral medial prefrontal cortex and person evaluation: forming impressions of others varying in financial and moral status.,Cloutier J,YES,,YES,,
36436737,25042446,YES,YES,Implicit false-belief processing in the human brain.,Schneider D,YES,,YES,,
36436737,25088911,YES,YES,You are in sync with me: neural correlates of interpersonal synchrony with a partner.,Cacioppo S,YES,,YES,,
36436737,25118071,YES,YES,An evaluation of traffic-awareness campaign videos: empathy induction is associated with brain function within superior temporal sulcus.,Zelinkova J,YES,,YES,,
36436737,25220190,YES,NO,How the human brain exchanges information across sensory modalities to recognize other people.,Blank H,NO,ROI,YES,,
36436737,25244113,YES,NO,Asymmetric connectivity between the anterior temporal lobe and the language network.,Hurley RS,NO,"AtypicalData, NotHealthy",YES,,
36436737,25253279,YES,NO,Social-network complexity in humans is associated with the neural response to social information.,Dziura SL,NO,NoCoordinates,YES,YES,"No coordinates available, but study does report whole-brain analysis"
36436737,25281889,YES,YES,Alexithymic features and the labeling of brief emotional facial expressions - An fMRI study.,Ihme K,YES,,YES,,
36436737,25289182,NO,NO,One pair of hands is not like another: caudate BOLD response in dogs depends on signal source and canine temperament.,Cook PF,NO,Non-Human,Non-Human,,
36436737,25298009,NO,YES,Beautiful friendship: Social sharing of emotions improves subjective feelings and activates the neural reward circuitry.,Wagner U,YES,NoHealthyInfo,YES,,
36436737,25315788,YES,YES,Social gating of sensory information during ongoing communication.,Anders S,YES,,YES,,
36436737,25338630,YES,NO,Neural dynamics of social tie formation in economic decision-making.,Bault N,YES,Atypical-Maybe,YES,,
36436737,25489093,YES,NO,Cerebral coherence between communicators marks the emergence of meaning.,Stolk A,NO,Atypical,YES,YES,
36436737,25499683,NO,NO,"Hyperscanning neuroimaging technique to reveal the ""two-in-one"" system in social interactions.",Koike T,NO,No Coordinates,No Coordinates,,
36436737,25512496,NO,NO,Large-scale topology and the default mode network in the mouse connectome.,Stafford JM,NO,Non-Human,Non-Human,,
36436737,25534111,YES,YES,A frontotemporoparietal network common to initiating and responding to joint attention bids.,Caruana N,YES,,YES,,
36436737,25571093,NO,NO,Dual logic and dual neural basis for reciprocal social interaction in eye contact.,Lee RF.,NO,NoDemographicInfo,YES,,
36436737,25640962,YES,YES,Feeling addressed! The role of body orientation and co-speech gesture in social communication.,Nagels A,YES,,YES,,
36436737,25697049,YES,YES,The neural basis of perceiving person interactions.,Quadfleg S,YES,,YES,,
36436737,25716010,YES,YES,From personal fear to mass panic: The neurological basis of crowd perception.,Huis In 't Veld EM,YES,,YES,,
36436737,25729358,YES,YES,The neural basis of deception in strategic interactions.,Volz KG,YES,,YES,,
36436737,25758671,NO,NO,Chronic Childhood Peer Rejection is Associated with Heightened Neural Responses to Social Exclusion During Adolescence.,Will GJ,NO,Non-Adults,Non-Adults,,
36436737,25759285,NO,NO,The development of the intrinsic functional connectivity of default network subsystems from age 3 to 5.,Xiao Y,NO,Non-Adults,Non-Adults,,
36436737,25770039,NO,NO,Distinct neural correlates of emotional and cognitive empathy in older adults.,Moore DC,NO,Non-Adults,Non-Adults,,
36436737,25820129,YES,NO,How the brain predicts people's behavior in relation to rules and desires. Evidence of a medio-prefrontal dissociation.,Corradi-Dell'Acqua C,YES,,YES,,
36436737,25885446,NO,NO,Dual logic and cerebral coordinates for reciprocal interaction in eye contact.,Lee RF.,YES,,YES,,
36436737,25893437,NO,NO,Explaining mirror-touch synesthesia.,Ward J,NO,Not an experiment,YES,,
36436737,25911123,YES,YES,Folk explanations of behavior: a specialized use of a domain-general mechanism.,Spunt RP,YES,,YES,,
36436737,25929599,YES,YES,Distinct neural processes are engaged in the modulation of mimicry by social group-membership and emotional expressions.,Rauchbauer B,YES,,YES,,
36436737,25944965,YES,YES,Gender-specific modulation of neural mechanisms underlying social reward processing by Autism Quotient.,Barman A,YES,Does compare to autistic population,YES,,
36436737,25987597,NO,NO,Social working memory and its distinctive link to social cognitive ability: an fMRI study.,Meyer ML,NO,NoHealthyInfo,YES,YES,Subjects are healthy
36436737,25996424,YES,YES,(How) observed eye-contact modulates gaze following. An fMRI study.,Bocklet A,YES,,YES,,
36436737,26048954,YES,NO,Functional Organization of Social Perception and Cognition in the Superior Temporal Sulcus.,Deen B,NO,ROI,YES,,
36436737,26117505,YES,YES,The neural basis of conceptualizing the same action at different levels of abstraction.,Spunt RP,YES,,YES,,
36436737,26143208,YES,YES,Temporal unpredictability of a stimulus sequence and the processing of neutral and emotional stimuli.,Koppe G,YES,,YES,,
36436737,26162239,YES,NO,Adult attachment style modulates neural responses in a mentalizing task.,Schneider-Hassloff H,YES,,YES,YES,
36436737,26168793,YES,YES,The neural basis of the imitation drive.,Hanawa S,YES,,YES,,
36436737,26188122,NO,NO,Neural correlates of parent-child HPA axis coregulation.,Saxbi D,NO,Non-Adults,Non-Adults,,
36436737,26200892,NO,NO,Atypical processing of voice sounds in infants at risk for autism spectrum disorder.,Blasi A,NO,Non-Adults,Non-Adults,,
36436737,26206505,NO,YES,Individual differences in response of dorsomedial prefrontal cortex predict daily social behavior.,Powers KE,YES,NoHealthyInfo,YES,,
36436737,26235682,YES,YES,Differential activation of the ventromedial prefrontal cortex between male and female givers of social reputation.,Kawasaki I,YES,,YES,,
36436737,26254589,YES,YES,Dissecting the social brain: Introducing the EmpaToM to reveal distinct neural networks and brain-behavior relations for empathy and Theory of Mind.,Kanske P,YES,,YES,,
36436737,26262561,YES,YES,The attracting power of the gaze of politicians is modulated by the personality and ideological attitude of their voters: a functional magnetic resonance imaging study.,Cazzato V,YES,,YES,,
36436737,26301900,YES,YES,Is the Medial Prefrontal Cortex Necessary for Theory of Mind?,Otti A,YES,,YES,,
36436737,26318628,YES,NO,Sex differences in effective fronto-limbic connectivity during negative emotion processing.,Lungu O,NO,Atypical,YES,,
36436737,26323252,YES,YES,How pain empathy depends on ingroup/outgroup decisions: A functional magnet resonance imaging study.,Ruckmann J,YES,,YES,,
36436737,26337369,YES,YES,Personality traits predict brain activation and connectivity when witnessing a violent conflict.,Van den Stocks ,YES,,YES,,
36436737,26342221,YES,YES,Reading fiction and reading minds: the role of simulation in the default network.,Tamir DI,YES,,YES,,
36436737,26348613,NO,NO,Face Patch Resting State Networks Link Face Processing to Social Cognition.,Schwiedrzik CM,NO,Non-Human,Non-Human,,
36436737,26365506,YES,YES,Common and distinct networks for self-referential and social stimulus processing in the human brain.,Herold D,YES,,YES,,
36436737,26385612,YES,YES,Genetic and neural correlates of romantic relationship satisfaction.,Luo S,YES,,YES,,
36436737,26417673,YES,YES,Neural basis of disgust perception in racial prejudice.,Liu Y,YES,,YES,,
36436737,26481048,NO,YES,Common and distinct neural mechanisms of the fundamental dimensions of social cognition.,Han M,YES,,YES,,
36436737,26483621,NO,NO,Development of social skills in children: neural and behavioral evidence for the elaboration of cognitive models.,Soto-Icaza P,NO,Non-Adults,Non-Adults,,
36436737,26505303,YES,YES,Brain basis of communicative actions in language.,Egorova N,YES,,YES,,
36436737,26514295,YES,NO,Neural substrates of shared attention as social memory: A hyperscanning functional magnetic resonance imaging study.,Koike T,YES,,YES,,
36436737,26541443,YES,NO,Understanding the influence of personality on dynamic social gesture processing: An fMRI study.,Saggar M,YES,,YES,NO,Technically out of age range
36436737,26567160,YES,YES,Trying to trust: Brain activity during interpersonal social attitude change.,Filkowski MM,YES,,YES,,
36436737,26598684,YES,YES,Neural mechanisms tracking popularity in real-world social networks.,Zerubavel N,YES,,YES,,
36436737,26604273,YES,YES,The Temporal Pole Top-Down Modulates the Ventral Visual Stream During Social Cognition.,Pehrs C,YES,,YES,,
36436737,26608245,YES,YES,Interaction matters: A perceived social partner alters the neural processing of human speech.,Rice K,YES,,YES,,
36436737,26621704,YES,NO,"Neural evidence that three dimensions organize mental state representation: Rationality, social impact, and valence.",Tamir DI,NO,Atypical,YES,NO,Atypical analysis (PCA-derived dimensions)
36436737,26656563,NO,YES,Getting to know you: general and specific neural computations for learning about people.,Stanley DA,YES,NoHealthyInfo,YES,,
36436737,26736634,NO,NO,Emergence of the default-mode network from resting-state to activation-state in reciprocal social interaction via eye contact.,Lee RF.,NO,NoDemographicInfo,YES,,
36436737,26737187,NO,NO,Feature analysis for correlation studies of simultaneous EEG-fMRI data: A proof of concept for neurofeedback approaches.,Simoes S,NO,ROI,YES,,
36436737,26746179,YES,YES,'Imagined guilt' vs 'recollected guilt': implications for fMRI.,,YES,,,,
36436737,26759479,NO,NO,Facial Expressions Evoke Differential Neural Coupling in Macaques.,Lui N,NO,Non-Human,Non-Human,,
36436737,26803059,YES,YES,Stimulus-dependent amygdala involvement in affective theory of mind generation.,Schmitgen MM,YES,,YES,,
36436737,26812250,YES,YES,Effects of empathic social responses on the emotions of the recipient.,Seehausen M,YES,,YES,,
36436737,26825440,YES,NO,Modelling the perceptual similarity of facial expressions from image statistics and neural responses.,Sormaz M,NO,Atypical,YES,NO,No whole-brain results are presented
36436737,26892856,NO,NO,Look into my eyes: Investigating joint attention using interactive eye-tracking and fMRI in a developmental sample.,Oberwelland E,NO,Non-Adults,Non-Adults,,
36436737,26892859,YES,YES,"Criticism hurts everybody, praise only some: Common and specific neural responses to approving and disapproving social-evaluative videos.",Meidl SF,YES,,YES,,
36436737,26908320,YES,YES,Dynamic neural mechanisms underlie race disparities in social cognition.,Cassidy BS,YES,,YES,,
36436737,26920683,YES,YES,Linking person perception and person knowledge in the human brain.,Greven IM,YES,,YES,,
36436737,26934715,NO,NO,Our Faces in the Dog's Brain: Functional Imaging Reveals Temporal Cortex Activation during Perception of Human Faces.,Cuaya LV,NO,Non-Human,Non-Human,,
36436737,26946502,NO,NO,A Plea for Cross-species Social Neuroscience.,Keysers C,NO,Non-Human,Non-Human,,
36436737,26969865,YES,YES,Theory of mind for processing unexpected events across contexts.,Dungan JA,YES,,YES,,
36436737,27007121,YES,YES,Contributions of self-report and performance-based individual differences measures of social cognitive ability to large-scale neural network functioning.,Smith R,YES,,YES,,
36436737,27039141,YES,YES,Trails of meaning construction: Symbolic artifacts engage the social brain.,Tylen K,YES,,YES,,
36436737,27090501,YES,YES,Increased frequency of social interaction is associated with enjoyment enhancement and reward system activation.,Kawamichi H,YES,,YES,,
36436737,27091676,NO,NO,Plastic modulation of episodic memory networks in the aging brain with cognitive decline.,Bai F,NO,Non-Adults,Non-Adults,,
36436737,27095057,YES,YES,How do you make me feel better? Social cognitive emotion regulation and the default mode network.,Xie X,YES,,YES,,
36436737,27096431,YES,YES,The Role of the Insular Cortex in Retaliation.,Emmerling F,YES,,YES,,
36436737,27109357,YES,NO,"Oxytocin receptor polymorphism and childhood social experiences shape adult personality, brain structure and neural correlates of mentalizing.",Schneider-Hassloff H,NO,Atypical,YES,NO,"Main effects are only reported verbally, not actual data shared (x,y,z)"
36436737,27122031,YES,NO,"Decoding the Charitable Brain: Empathy, Perspective Taking, and Attention Shifts Differentially Predict Altruistic Giving.",Tusche A,YES,No Univariate Coordinates,YES,,
36436737,27129758,NO,NO,Overlapping communities reveal rich structure in large-scale brain networks during rest and task conditions.,Najafi,NO,NotOriginal,YES,,
36436737,27129794,NO,NO,Are strong empathizers better mentalizers? Evidence for independence and interaction between the routes of social cognition.,Kanske P,NO,NoDemographicInfo,YES,YES,"Weak demographic info, but likely is healthy"
36436737,27150109,NO,NO,Early-Childhood Social Reticence Predicts Brain Function in Preadolescent Youths During Distinct Forms of Peer Evaluation.,Jarcho JM,NO,Non-Adults,Non-Adults,,
36436737,27165762,YES,YES,Distinct neural patterns of social cognition for cooperation versus competition.,Tsoi L,YES,,YES,,
36436737,27167401,YES,NO,Social Cognition as Reinforcement Learning: Feedback Modulates Emotion Inference.,Zaki J,NO,Atypical,YES,YES,"In reality would exclude, but meets inclusion criteria - is social task"
36436737,27170266,NO,NO,"Testing differential susceptibility: Plasticity genes, the social environment, and their interplay in adolescent response inhibition.",Richards JS,NO,Non-Adults,Non-Adults,,
36436737,27185915,NO,NO,Neural circuits underlying mother's voice perception predict social communication abilities in children.,Abrams DA,NO,Non-Adults,Non-Adults,,
36436737,27217118,YES,YES,Neural dissociations between meaningful and mere inconsistency in impression updating.,Mende-Siedlecki P,YES,,YES,,
36436737,27236373,YES,YES,Social representations and contextual adjustments as two distinct components of the Theory of Mind brain network: Evidence from the REMICS task.,Lavoie MA,YES,,YES,,
36436737,27247125,NO,NO,The Power of the Like in Adolescence: Effects of Peer Influence on Neural and Behavioral Responses to Social Media.,Shermen LE,NO,Non-Adults,Non-Adults,,
36436737,27266443,YES,YES,Mindfulness training increases cooperative decision making in economic exchanges: Evidence from fMRI.,Kirk U,YES,,YES,,
36436737,27272314,NO,NO,Perceived live interaction modulates the developing social brain.,Rice K,NO,Non-Adults,Non-Adults,,
36436737,27280153,YES,NO,"Topographical Organization of Attentional, Social, and Memory Processes in the Human Temporoparietal Cortex.",Igelström KM,NO,Atypical,YES,,
36436737,27319001,YES,YES,Contextual exclusion processing: an fMRI study of rejection in a performance-related context.,Wagels S,YES,,YES,,
36436737,27340019,NO,NO,"Neurology of ecstatic religious and similar experiences: Ecstatic, orgasmic, and musicogenic seizures. Stendhal syndrome and autoscopic phenomena.",Arias M.,NO,NoCoordiantes,YES,,
36436737,27358450,YES,NO,The Dorsal Medial Prefrontal Cortex Responds Preferentially to Social Interactions during Natural Viewing.,Wagner DD,NO,Atypical,YES,YES,Naturalistic analysis atypical but reports main social effect
36436737,27375449,YES,YES,What Impact does An Angry Context have Upon Us? The Effect of Anger on Functional Connectivity of the Right Insula and Superior Temporal Gyri.,Mazzola V,YES,,YES,,
36436737,27405334,YES,NO,Inhibition of Information Flow to the Default Mode Network During Self-Reference Versus Reference to Others.,Soch J,YES,,YES,,
36436737,27458349,YES,NO,Impact of Short Social Training on Prosocial Behaviors: An fMRI Study.,Lukinova E,YES,,YES,,
36436737,27458363,YES,YES,Neural Correlates of the Appraisal of Attachment Scenes in Healthy Controls and Social Cognition-An fMRI Study.,Labek K,YES,,YES,,
36436737,27477020,NO,YES,Self-Other Mergence in the Frontal Cortex during Cooperation and Competition.,Whittmann MK,YES,NoHealthyInfo,YES,,
36436737,27494142,YES,YES,The Neural Responses to Social Cooperation in Gain and Loss Context.,Sun P,YES,,YES,,
36436737,27496338,YES,YES,Neural correlates of naturalistic social cognition: brain-behavior relationships in healthy adults.,Deuse L,YES,,YES,,
36436737,27506384,NO,NO,The neurobiology of the emotional adolescent: From the inside out.,Guyer AE,NO,Non-Adults,Non-Adults,,
36436737,27510495,YES,YES,Intrinsic functional connectivity underlying successful emotion regulation of angry faces.,Morawetz C,YES,,YES,,
36436737,27521302,NO,NO,Awake canine fMRI predicts dogs' preference for praise vs food.,Cook PF,NO,Non-Human,Non-Human,,
36436737,27528669,YES,YES,Neurocomputational mechanisms of prosocial learning and links to empathy.,Lockwood PA,YES,,YES,,
36436737,27568587,YES,YES,The selfless mind: How prefrontal involvement in mentalizing with similar and dissimilar others shapes empathy and prosocial behavior.,Majdandžić J,YES,,YES,,
36436737,27576746,YES,YES,When BOLD is thicker than water: processing social information about kin and friends at different levels of the social network.,Wlodarski R,YES,,YES,,
36436737,27579051,YES,NO,Neural Modulation in Aversive Emotion Processing: An Independent Component Analysis Study.,,NO,Atypical,,YES,Typical results are presented in supplement
36436737,27622781,YES,YES,Increases in brain activity during social competition predict decreases in working memory performance and later recall.,Dimenechi B,YES,,YES,,
36436737,27642220,YES,NO,"Social in, social out: How the brain responds to social language with more social language.",,YES,,,,
36436737,27695409,NO,NO,Contribution of Neuroimaging Studies to Understanding Development of Human Cognitive Brain Functions.,Morita T,NO,NotOriginal,YES,,
36436737,27713694,NO,NO,Variation in the Oxytocin Receptor Gene Is Associated with Face Recognition and its Neural Correlates.,Westberg L,NO,ROI,YES,,
36436737,27716474,YES,YES,The impact of aging on the neural networks involved in gaze and emotional processing.,Ziaei M,NO,Out of age range 18+,YES,,
36436737,27798249,YES,YES,Increased neural responses to empathy for pain might explain how acute stress increases prosociality.,Tomova,YES,,YES,,
36436737,27803286,YES,YES,The neural basis of understanding the expression of the emotions in man and animals.,Spunt RP,YES,,YES,,
36436737,27815729,NO,NO,Mu rhythm suppression is associated with the classification of emotion in faces.,Moore M,NO,No Coordinates,No Coordinates,,
36436737,27856343,YES,YES,Brain response to masked and unmasked facial emotions as a function of implicit and explicit personality self-concept of extraversion.,Suslow T,YES,,YES,,
36436737,27859899,NO,NO,Neural signatures of trust in reciprocity: A coordinate-based meta-analysis.,Bellucci G,NO,NotOriginal,YES,,
36436737,27866893,NO,NO,Effective Connectivity Reveals Largely Independent Parallel Networks of Face and Body Patches.,Premereur E,NO,Non-Human,Non-Human,,
36436737,27898705,NO,NO,The Role of the Amygdala in Facial Trustworthiness Processing: A Systematic Review and Meta-Analyses of fMRI Studies.,Santos S,NO,NoAgeInfo,YES,,
36436737,27978778,YES,NO,Decoding task and stimulus representations in face-responsive cortex.,Kliemann D,NO,Atypical,YES,YES,Task is social communication
36436737,28008075,YES,YES,Deciphering human motion to discriminate social interactions: a developmental neuroimaging study.,Sapey-Triomphe LA,YES,,YES,,
36436737,28094810,NO,NO,Aberrant development of intrinsic brain activity in a rat model of caregiver maltreatment of offspring.,Yan CG,NO,Non-Human,Non-Human,,
36436737,28169323,NO,NO,Social pain and social gain in the adolescent brain: A common neural circuitry underlying both positive and negative social evaluation.,Dalgleish T,NO,Non-Adults,Non-Adults,NO,Group is adolescents -- update prompt
36436737,28242678,YES,YES,A neural model of valuation and information virality.,Scholz ,YES,,YES,,
36436737,28289200,YES,NO,Dynamic neural architecture for social knowledge retrieval.,Wang Y,YES,,YES,,
36436737,28338962,YES,YES,Higher order intentionality tasks are cognitively more demanding.,Lewis PA,YES,,YES,,
36436737,28393755,NO,NO,Chronic peer victimization heightens neural sensitivity to risk taking.,Telzer EH,NO,Non-Adults,Non-Adults,,
36436737,28455517,YES,NO,Neural Activity while Imitating Emotional Faces is Related to Both Lower and Higher-Level Social Cognitive Performance.,Hawco C,NO,Atypical,YES,NO,PLS analysis does not show main task effect
36436737,28465434,NO,NO,Brain connectivity dynamics during social interaction reflect social network structure.,Schmälzle R,NO,Non-Adults,Non-Adults,,
36436737,28477977,YES,YES,Brain networks of social action-outcome contingency: The role of the ventral striatum in integrating signals from the sensory cortex and medial prefrontal cortex.,Sumiya M,YES,,YES,,
36436737,28504911,YES,YES,The Value of Sharing Information: A Neural Account of Information Transmission.,Baeck EC,YES,,YES,,
36436737,28522533,NO,NO,A dedicated network for social interaction processing in the primate brain.,Sliwa J,NO,Non-Human,Non-Human,,
36436737,28540647,NO,NO,The integration of social influence and reward: Computational approaches and neural evidence.,,NO,NotOriginal,,YES,Paper states data is original
36436737,28551067,YES,NO,The neural correlates of reciprocity are sensitive to prior experience of reciprocity.,Cáceda R,YES,,YES,,
36436737,28557690,YES,NO,Consistent Neural Activity Patterns Represent Personally Familiar People.,Thornton MA,NO,Atypical,YES,,
36436737,28583386,NO,NO,Laugh or cringe? Common and distinct processes of reward-based schadenfreude and empathy-based fremdscham.,Paulus FM,NO,NotHealthy,YES,YES,Group is healthy. Autistic subjects were not included in analysis
36436737,28608647,NO,NO,Specifying the brain anatomy underlying temporo-parietal junction activations for theory of mind: A review using probabilistic atlases from different imaging modalities.,Schurz M,NO,NotOriginal,YES,,
36436737,28643894,YES,NO,Do implicit and explicit belief processing share neural substrates?,Claire K. Naughtin,NO,No Coordinates,YES,YES,Although coordinates are not report-- whole brain results are shown
36436737,28748572,NO,NO,Let's chat: developmental neural bases of social motivation during real-time peer interaction.,Warnell KL,NO,Non-Adults,Non-Adults,,
36436737,28766324,NO,NO,Resting-state fMRI and social cognition: An opportunity to connect.,Doruyter A,NO,NotHealthy,YES,,
36436737,28807871,NO,NO,"Mentalizing regions represent distributed, continuous, and abstract dimensions of others' beliefs.",Koster-Hale J,NO,NoHealthyInfo,YES,,
36436737,28905269,YES,YES,Differences in Neural Response to Romantic Stimuli in Monogamous and Non-Monogamous Men.,Hamilton LD,YES,,YES,,
36436737,28914498,NO,NO,Shared temptations: An fMRI study of dishonest profit maximization.,Simmnak,NO,"NoHealthyInfo, SingleSubject",YES,,
36436737,28931014,YES,YES,Phonological memory in sign language relies on the visuomotor neural system outside the left hemisphere language network.,Kanazawa Y,YES,,YES,YES,
36436737,28966083,NO,NO,Assessing autism at its social and developmental roots: A review of Autism Spectrum Disorder studies using functional near-infrared spectroscopy.,Liu T,NO,NotOriginal,YES,,
36436737,29039129,YES,YES,Implicit attitudes and executive control interact to regulate interest in extra-pair relationships.,Ueda R,YES,,YES,,
36436737,29073111,NO,YES,Perceiving social interactions in the posterior superior temporal sulcus.,Isik L,YES,"ROI, NotHealthy, NotfMRI",YES,,
36436737,29077925,,YES,External motivation to avoid prejudice alters neural responses to targets varying in race and status.,,YES,,,,
36436737,29079809,YES,YES,Differential inter-subject correlation of brain activity when kinship is a variable in moral dilemma.,Bacha-Trams M,YES,,YES,,
36436737,29097704,YES,YES,Potential for social involvement modulates activity within the mirror and the mentalizing systems.,Begliomini C,YES,,YES,,
36436737,29111359,YES,NO,Role of Spontaneous Brain Activity in Explicit and Implicit Aspects of Cognitive Flexibility under Socially Conflicting Situations: A Resting-state fMRI Study using Fractional Amplitude of Low-frequency Fluctuations.,Fujino J,NO,Connectivity,YES,,
36436737,29126210,YES,NO,The functional role of ventral anterior cingulate cortex in social evaluation: disentangling valence from subjectively rewarding opportunities.,Rigney AE,NO,ROI,YES,,
36436737,29164726,YES,NO,Functional connectivity changes following interpersonal reactivity.,,NO,Connectivity,,,
36436737,29221830,YES,YES,Distinguishable memory retrieval networks for collaboratively and non-collaboratively learned information.,Vanlangendonck F,YES,,YES,,
36436737,29265483,YES,YES,Affective and cooperative social interactions modulate effective connectivity within and between the mirror and mentalizing systems.,Arioli M,YES,,YES,,
36436737,29324862,YES,YES,Taking two to tango: fMRI analysis of improvised joint action with physical contact.,Chauvigné LAS,YES,,YES,,
36436737,29330483,YES,YES,"Neural Correlates of Sexual Orientation in Heterosexual, Bisexual, and Homosexual Women.",Safron A,YES,,YES,,
36436737,29352154,NO,NO,Resting state brain networks in the prairie vole.,Ortizz JJ,NO,Non-Human,Non-Human,,
36436737,29366950,NO,NO,"Human behavioural discrimination of human, chimpanzee and macaque affective vocalisations is reflected by the neural response in the superior temporal sulcus.",Frtiz T,NO,Non-Human,Non-Human,NO,No human only results were shown
36436737,29396415,NO,NO,Inter-subject synchrony as an index of functional specialization in early childhood.,Moraczewski D,NO,Non-Adults,Non-Adults,YES,Adult only data is reported
36436737,29408539,YES,NO,"Triple representation of language, working memory, social and emotion processing in the cerebellum: convergent evidence from task and seed-based resting-state fMRI analyses in a single large cohort.",Guell X,NO,Atypical,YES,NO,Results are not whole-brain only cerebellar
36436737,29432769,YES,YES,Self-construals moderate associations between trait creativity and social brain network.,Lui Y,YES,,YES,,
36436737,29455860,NO,NO,A Social-Interactive Neuroscience Approach to Understanding the Developing Brain.,Redcay E,NO,NotOriginal,YES,,
36436737,29455864,NO,NO,Social Influence on Positive Youth Development: A Developmental Neuroscience Perspective.,Telzer EH,NO,Non-Adults,Non-Adults,,
36436737,29476765,YES,YES,Neural responses to visually observed social interactions.,,YES,,YES,,
36436737,29518712,NO,NO,Not just social sensitivity: Adolescent neural suppression of social feedback during risk taking.,McCormick M,NO,Non-Adults,Non-Adults,,
36436737,29561702,NO,NO,Neural Mechanisms of Social Cognition in Primates.,Wittmann K,NO,Non-Human,Non-Human,,
36436737,29582502,YES,YES,The role of the right temporo-parietal junction in social decision-making.,Bitsch F,YES,,YES,,
36436737,29723244,YES,YES,"The ""social brain"" is highly sensitive to the mere presence of social information: An automated meta-analysis and an independent study.",Tso IF,YES,,YES,,
36436737,29740753,YES,YES,Facial Expression Enhances Emotion Perception Compared to Vocal Prosody: Behavioral and fMRI Studies.,Zhang H,YES,,YES,,
36436737,29760183,YES,YES,Neural Mechanisms Underlying Individual Differences in Control-Averse Behavior.,Rudorf S,YES,,YES,,
36436737,29771359,YES,YES,Neural bases of social communicative intentions in speech.,Hellbernd N,YES,,YES,,
36436737,29777673,YES,YES,Activations of the dorsolateral prefrontal cortex and thalamus during agentic self-evaluation are negatively associated with trait self-esteem.,Jiang K,YES,,YES,,
36436737,29806978,YES,NO,Approach or avoidance: Neural correlates of intelligence evaluation from faces.,,NO,No main effect,,,
36436737,29845003,NO,NO,Early bilateral and massive compromise of the frontal lobes.,Ibáñez A,NO,Non-Adults,Non-Adults,,
36436737,29885085,NO,NO,Social interaction recruits mentalizing and reward systems in middle childhood.,Alkire D,NO,Non-Adults,Non-Adults,,
36436737,29890323,YES,YES,Tracking emotions in the brain - Revisiting the Empathic Accuracy Task.,,YES,,,,
36436737,29891257,NO,NO,Gaming-addicted teens identify more with their cyber-self than their own self: Neural evidence.,Choi EJ,NO,Non-Adults,Non-Adults,,
36436737,29896995,YES,NO,"Disrupted Cerebrocerebellar Intrinsic Functional Connectivity in Young Adults with High-Functioning Autism Spectrum Disorder: A Data-Driven, Whole-Brain, High-Temporal Resolution Functional Magnetic Resonance Imaging Study.",Arnold Anteraper S,NO,AtypicalData,YES,,
36436737,29901788,NO,NO,Somatotopic Mapping of the Developing Sensorimotor Cortex in the Preterm Human Brain.,Dall'Orso S,NO,Non-Adults,Non-Adults,,
36436737,29915004,NO,NO,Concrete versus abstract forms of social concept: an fMRI comparison of knowledge about people versus social terms.,Rice GE,NO,NoDemographicInfo,YES,YES,"Lacking in demographic detail, but most likely from healthy group"
36436737,29931116,YES,NO,Toward Task Connectomics: Examining Whole-Brain Task Modulated Connectivity in Different Task Domains.,Di X,NO,AtypicalData,YES,NO,"Only connectivity results are reported, not main task-evoked signal"
36436737,29943174,NO,NO,Adolescents' neural response to social reward and real-world emotional closeness and positive affect.,Flores LE,NO,Non-Adults,Non-Adults,,
36436737,29959970,YES,NO,Oxytocinergic modulation of brain activation to cues related to reproduction and attachment: Differences and commonalities during the perception of erotic and fearful social scenes.,Sauer C,YES,,YES,,
36436737,29992485,YES,NO,Seeing minds in others: Mind perception modulates low-level social-cognitive performance and relates to ventromedial prefrontal structures.,Wiese E,YES,,YES,,
36436737,30017395,NO,NO,Functional Networks for Social Communication in the Macaque Monkey.,Shepherd SV,NO,Non-Human,Non-Human,,
36436737,30038232,NO,NO,A view behind the mask of sanity: meta-analysis of aberrant brain activity in psychopaths.,Poeppl TB,NO,Meta-analysis,YES,,
36436737,30041864,NO,NO,Social Origins of Cortical Face Areas.,Powell LJ,NO,Non-Human,Non-Human,,
36436737,30056560,YES,YES,Neural processing of the own child's facial emotions in mothers with a history of early life maltreatment.,Neukel C,YES,,OutsideDateRange,,
36436737,30077577,YES,YES,Thinking about the past to shape the present: neural activation during the recall of relationship episodes.,Wade-Bohleber LM,YES,,OutsideDateRange,,
36436737,30085122,YES,NO,Oxytocin Facilitates Approach Behavior to Positive Social Stimuli via Decreasing Anterior Insula Activity.,Yao S,YES,"Maybe-Atypical, NotHealthy",YES,,
36436737,30154703,YES,YES,Interpretation of Social Interactions: Functional Imaging of Cognitive-Semiotic Categories During Naturalistic Viewing.,Wolf D,YES,,YES,,
36436737,30195053,NO,NO,Alteration of functional brain architecture in 22q11.2 deletion syndrome - Insights into susceptibility for psychosis.,Larsen KM,NO,"NotHealthy, Review, NoCoordinates",OutsideDateRange,,
36436737,30221467,NO,NO,Role of social cognition in post-traumatic stress disorder: A review and meta-analysis.,Stevens JS,NO,Meta-analysis,OutsideDateRange,,
36436737,30225341,YES,NO,Motivation Modulates Brain Networks in Response to Faces Varying in Race and Status: A Multivariate Approach.,Mattan BD,NO,Atypical,YES,,
36436737,30272134,YES,YES,Hierarchical Brain Network for Face and Voice Integration of Emotion Expression.,"Davies-Thompson J,",YES,,YES,,
36436737,30300745,YES,NO,Age-related differences in the activation of the mentalizing- and reward-related brain regions during the learning of others' true trustworthiness.,Suzuki A,YES,,YES,,
36436737,30349467,YES,YES,Role-Specific Brain Activations in Leaders and Followers During Joint Action.,,YES,,,,
36436737,30374665,YES,NO,"Peer influence, Frontostriatal connectivity, and delay discounting in African American emerging adults.",,NO,ROI,,,
36436737,30389840,YES,NO,The Social Brain Automatically Predicts Others' Future Mental States.,Thornton M,NO,NoCoordinates,OutsideDateRange,YES,Agree if criteria is changed to not only include uni variate
36436737,30411904,NO,NO,Salience network connectivity and social processing in children with nonverbal learning disability or autism spectrum disorder.,Margolis AE,NO,NotHealthy,OutsideDateRange,,
36436737,30414457,NO,NO,Altered resting-state dynamics in autism spectrum disorder: Causal to the social impairment?,Gotts SJ,NO,Review,YES,,
36436737,30455187,YES,NO,MDMA Increases Cooperation and Recruitment of Social Brain Areas When Playing Trustworthy Players in an Iterated Prisoner's Dilemma.,Gabay AS,YES,,YES,,
36436737,30500423,NO,NO,Combining resting state functional MRI with intraoperative cortical stimulation to map the mentalizing network.,Yordanova YN,NO,AtypicalData,OutsideDateRange,,
36436737,30594068,YES,NO,Hypoconnectivity of insular resting-state networks in adolescents with Autism Spectrum Disorder.,Francis SM,NO,AtypicalData,YES,,
36436737,30610911,NO,NO,"Social, self, (situational), and affective processes in medial prefrontal cortex (MPFC): Causal, multivariate, and reverse inference evidence.",Lieberman MD,NO,No coordinates; review,YES,,
36436737,30624029,YES,NO,OXTR methylation modulates exogenous oxytocin effects on human brain activity during social interaction.,Chen X,NO,ROI,YES,NO,Main effects not reported
36436737,30639176,YES,NO,"Trustworthiness appraisal deficits in borderline personality disorder are associated with prefrontal cortex, not amygdala, impairment.",Fertuck EA,NO,AtypicalData,YES,,
36436737,30639342,YES,NO,"Exogenous testosterone and the monoamine-oxidase A polymorphism influence anger, aggression and neural responses to provocation in males.","Wagels L,",NO,No info on subjects. Only 2 subjects in study,YES,YES,
36436737,30649548,NO,YES,Dissecting social interaction: dual-fMRI reveals patterns of interpersonal brain-behavior relationships that dissociate among dimensions of social exchange.,Špiláková B,YES,Does not specify healthy,YES,,
36436737,30658938,YES,YES,Altered striatal reward processing in abstinent dependent cannabis users: Social context matters.,Zimmermann K,YES,,YES,,
36436737,30679738,NO,NO,Neurometabolic and functional connectivity basis of prosocial behavior in early adolescence.,Okada N,NO,Does not state healthy subjects,YES,,
36436737,30698656,YES,NO,Overt social interaction and resting state in young adult males with autism: core and contextual neural features.,Jasmin K,NO,AtypicalData,YES,,
36436737,30794869,NO,NO,Age differences in specific neural connections within the Default Mode Network underlie theory of mind.,,NO,NoHealthyInfo,,YES,"Although main reported results are ""atypical"", qualifying results are reported in Supplemental"
36436737,30807820,NO,NO,Inhibiting mGluR5 activity by AFQ056/Mavoglurant rescues circuit-specific functional connectivity in Fmr1 knockout mice.,Zerbi V,NO,Non-human; use mice model,YES,,
36436737,30825583,YES,NO,Targeting dynamic facial processing mechanisms in superior temporal sulcus using a novel fMRI neurofeedback target.,Direito B,NO,Includes non-MRI data,YES,YES,Localizer counts as social communication
36436737,30833582,NO,NO,Atypical functional connectome hierarchy in autism.,Hong SJ,NO,Includes atypical data,YES,,
36436737,30834300,YES,NO,What Makes Eye Contact Special? Neural Substrates of On-Line Mutual Eye-Gaze: A Hyperscanning fMRI Study.,Koike T,NO,Atypical,YES,YES,"Although many atypical analyses are reported, main result qualifies"
36436737,30842248,YES,NO,Symmetrical Viewpoint Representations in Face-Selective Regions Convey an Advantage in the Perception and Recognition of Faces.,Flack TR,NO,Atypical,YES,NO,"Atypical analysis, doesn't report main localizer"
36436737,30852994,YES,NO,Brain activity during reciprocal social interaction investigated using conversational robots as control condition.,Rauchbauer B,YES,No Coordinates,YES,,
36436737,30852995,YES,YES,A neurocognitive investigation of the impact of socializing with a robot on empathy for pain.,Cross ES,YES,,YES,,
36436737,30930310,YES,YES,The facilitative effect of gestures on the neural processing of semantic complexity in a continuous narrative.,Cuevas P,YES,,YES,,
36436737,30949039,YES,NO,Convergent Neural Correlates of Empathy and Anxiety During Socioemotional Processing.,Knight LK,NO,"Connectivity, ROI",YES,YES,Whole brain results are provided
36436737,30976115,YES,NO,Causal Interactions in Human Amygdala Cortical Networks across the Lifespan.,Jiang Y,NO,AtypicalData,YES,,
36436737,31011853,YES,NO,Neural Signatures of Social Inclusion in Borderline Personality Disorder Versus Non-suicidal Self-injury.,,YES,"AtypicalData, NoHealthyOnlyResult",,NO,
36436737,31028922,YES,NO,Perceiving animacy purely from visual motion cues involves intraparietal sulcus.,Schultz J,NO,ROI,YES,YES,One whole brain analysis reported
36436737,31028924,NO,NO,The inhibition of automatic imitation: A meta-analysis and synthesis of fMRI studies.,Darda KM,NO,Review,YES,,
36436737,31036762,YES,NO,"Multifaceted Integration: Memory for Faces Is Subserved by Widespread Connections between Visual, Memory, Auditory, and Social Networks.",Ramot M,NO,Atypical,YES,,
36436737,31051206,YES,NO,Diminished single-stimulus response in vmPFC to favorite people in children diagnosed with Autism Spectrum Disorder.,Kishida KT,NO,AtypicalData,YES,,
36436737,31056647,YES,YES,Social support modulates the neural correlates underlying social exclusion.,Morese R,YES,,YES,,
36436737,31063817,YES,NO,The functional database of the ARCHI project: Potential and perspectives.,Pinel P,NO,Atypical,YES,YES,Most analyses are atypical but main effects are reported
36436737,31090126,YES,YES,Widespread and lateralized social brain activity for processing dynamic facial expressions.,Sato W,YES,,YES,,
36436737,31100434,NO,NO,Dyadic interaction processing in the posterior temporal cortex.,Walbrin J,NO,NoHealthyInfo,YES,YES,"Demographics are lacking, but likely a healthy group"
36436737,31142792,YES,YES,Behavioural and Neural Responses to Facial Disfigurement.,Hartung F,YES,,YES,,
36436737,31157395,YES,NO,Investigation of functional brain network reconfiguration during vocal emotional processing using graph-theoretical analysis.,Lin SY,NO,Atypical,YES,,
36436737,31170400,NO,NO,Universal Transform or Multiple Functionality? Understanding the Contribution of the Human Cerebellum across Task Domains.,Diedrichsen J,NO,Review,YES,,
36436737,31268615,YES,NO,Modulating functional connectivity between medial frontopolar cortex and amygdala by inhibitory and excitatory transcranial magnetic stimulation.,Riedel P,NO,Atypical,YES,,
36436737,31322784,YES,NO,Linking resting-state networks and social cognition in schizophrenia and bipolar disorder.,Jimenez AM,NO,Atypical,YES,,
36436737,31379539,YES,NO,Emotion Regulation of Hippocampus Using Real-Time fMRI Neurofeedback in Healthy Human.,Zhu Y,NO,Atypical,YES,,
36436737,31420884,YES,NO,Linking visual gamma to task-related brain networks-a simultaneous EEG-fMRI study.,Beldzik E,NO,NotSocial,YES,,
36436737,31506672,YES,NO,The neural mechanisms of social reward in early psychosis.,Fett AJ,NO,AtypicalData,YES,,
36436737,31589003,YES,NO,Meta-analytic and functional connectivity evidence from functional magnetic resonance imaging for an anterior to posterior gradient of function along the hippocampal axis.,Grady CL,NO,Meta-analysis,YES,,
36436737,31598216,YES,YES,"Social cognition, behaviour and therapy adherence in frontal lobe epilepsy: a study combining neuroeconomic and neuropsychological methods.",Javor A,YES,,YES,,
36436737,31639270,NO,NO,Direct replication of task-dependent neural activation patterns during sadness introspection in two independent adolescent samples.,Vilgis V,NO,"NoHealthyInfo, Non-Adults",YES,,
36436737,31680906,YES,NO,Atypical Amygdala-Neocortex Interaction During Dynamic Facial Expression Processing in Autism Spectrum Disorder.,Sato W,NO,AtypicalData,YES,,
36436737,31690846,YES,NO,Neural and functional correlates of impaired reading ability in schizophrenia.,Dondé C,NO,AtypicalData,YES,,
36436737,31729396,YES,NO,Neural representations of honesty predict future trust behavior.,Bellucci G,YES,,YES,,
36436737,31740271,NO,NO,"The effects of nalmefene on emotion processing in alcohol use disorder - A randomized, controlled fMRI study.",Vollstädt-Klein S,NO,NotHealthy,YES,,
36436737,31747689,YES,NO,Action perception recruits the cerebellum and is impaired in patients with spinocerebellar ataxia.,Abdelgabar AR,NO,NotWholeBrain,YES,NO,Only cerebellar results
36436737,31783116,YES,YES,Neural oscillations in human auditory cortex revealed by fast fMRI during auditory perception.,Frühholz S,YES,,YES,,
36436737,31798816,YES,NO,Intact neural representations of affective meaning of touch but lack of embodied resonance in autism: a multi-voxel pattern analysis study.,Lee Masson H,NO,AtypicalData,YES,YES,Typical results reported in supplement
36436737,31843053,NO,NO,Default mode-visual network hypoconnectivity in an autism subtype with pronounced social visual engagement difficulties.,Lombardo MV,NO,Age,YES,,
36436737,31844272,YES,NO,Collective memory shapes the organization of individual memories in the medial prefrontal cortex.,Gagnepain P,NO,"Atypical, No Coordiantes",YES,NO,Whole-brain task-evoked results are not shown
36436737,31849730,NO,NO,"Modulation of Social Cognition via Hallucinogens and ""Entactogens"" ",,NO,"Review, NoCoordinates",,,
36436737,34895947,NO,NO,The role of oxytocin in implicit personal space regulation: An fMRI study,,NO,"ROI, NotHealthy, NotfMRI",,,
36436737,38867029,NO,NO,Combining developmental and sleep health measures for autism spectrum disorder screening: an ECHO study.,,NO,Atypical,,,
36436737,40773391,NO,NO,Generalized Probabilistic Graphical Modeling for Multi-View Bipartite Graph Clustering.,,NO,Atypical,,,
