id	PositiveTail 1	PositiveTail 2	PositiveTail 3	PositiveTail 4	PositiveTail 5	PositiveTail 6	PositiveTail 7
Akitsuki et al., 2009-Pain > no pain	0	3	6	4	2	2	0
Akitsuki et al., 2009-Self + Other > Self	0	1	6	3	0	1	0
Alba-Ferrara et al., 2011-Complex emotion trials > Simple emotion trials	0	2	1	1	1	0	0
Alba-Ferrara et al., 2011-Complex emotion trials > Simple emotion trials (controlling for pitch)	0	1	2	1	1	1	0
Alba-Ferrara et al., 2011-Emotional trials > Neutral Trials	0	1	4	0	1	0	0
Anders et al., 2015-univariate analysis= friend minus pc	0	0	1	0	0	0	0
Anderson et al., 2013-Sex × Condition	0	0	1	0	0	1	0
Arioli et al., 2017-Affective > Cooperative social interactions	0	0	0	3	0	0	0
Arioli et al., 2017-Cooperative & Affective social interactions (Conjunction analysis)	0	1	7	1	3	2	0
Arioli et al., 2017-Cooperative > Affective social interactions	0	2	3	2	3	0	0
Bacha-Trams et al., 2017-clusters genetic>non-genetic	0	2	1	2	0	0	0
Bacha-Trams et al., 2017-clusters non-genetic>genetic	0	1	5	1	1	0	0
Bacha-Trams et al., 2017-moral dilemma decision task	0	1	5	1	1	0	0
Baek et al., 2017-Select > content	1	0	3	1	0	0	0
Baek et al., 2017-Share > content	1	0	2	1	0	0	0
Baek et al., 2017-Share > select	1	0	0	0	0	0	0
Balslev et al., 2006-Active conditions > passive conditions	0	0	0	0	0	0	0
Barman et al., 2015-monetary reward > social reward	0	0	0	0	0	2	0
Barman et al., 2015-reward > neutral	0	1	0	1	2	1	0
Barman et al., 2015-social reward > monetary reward	1	2	3	1	1	2	0
Beckes et al., 2013-threat-to-self (across all handholding) > threat-to-friend	0	1	1	1	1	0	0
Beckes et al., 2013-threat-to-self (across all handholding) > threat-to-stranger	0	0	0	0	0	0	0
Beckes et al., 2013-threat-to-self (friend handholding) > threat-to-friend	0	1	0	1	2	0	0
Beckes et al., 2013-threat-to-self (stranger handholding) > threat-to-stranger	0	0	0	0	0	0	0
Begliomini et al., 2017-FA > FT	0	0	0	0	0	0	0
Begliomini et al., 2017-FA_HL > PLD	0	0	0	1	0	0	0
Begliomini et al., 2017-FA_PLD > HL	0	1	1	0	0	0	0
Begliomini et al., 2017-HL > PLD	0	1	3	2	0	0	0
Begliomini et al., 2017-HL_FT > FA	0	0	0	0	0	0	0
Begliomini et al., 2017-PLD > HL	0	0	1	1	1	0	0
Begliomini et al., 2017-PLD_FA > FT	0	1	1	0	0	0	0
Begliomini et al., 2017-Stimulus*Direction	0	1	1	0	0	0	0
Benoit et al., 2010-Other > self	1	0	2	0	0	0	0
Benoit et al., 2010-Other > syllables	1	1	3	3	1	1	0
Benoit et al., 2010-Self > other	0	1	0	0	2	0	0
Benoit et al., 2010-Self > syllables	1	1	2	1	1	0	0
Bergström et al., 2014-New > old	0	0	0	0	0	0	0
Bergström et al., 2014-Old > new	1	2	1	1	0	2	0
Beyer et al., 2014-Decision phase= Angry > neutral	0	1	3	1	1	0	0
Beyer et al., 2014-Decision phase= Parametric modulation angry > neutral	0	0	0	0	0	0	0
Beyer et al., 2014-Outcome phase= Angry > neutral	0	0	3	0	1	0	0
Bitsch et al., 2018-Competitive > Cooperative	0	0	0	0	0	0	0
Bitsch et al., 2018-Cooperative > Competitive	0	0	0	0	0	0	0
Bitsch et al., 2018-Dynamic ToM-Value Competitive > Cooperative	0	0	0	0	0	0	0
Bitsch et al., 2018-Early phase Competitive > Cooperative	0	0	0	0	0	0	0
Blackwood et al., 2003-External > internal	0	0	0	0	0	0	0
Blackwood et al., 2003-Internal > external	0	1	1	0	0	0	0
Blackwood et al., 2003-Non-self-serving bias > Self-serving bias	0	0	1	0	0	0	0
Blackwood et al., 2003-Self-serving bias > Non-self-serving bias	0	0	0	0	0	0	0
Bockler et al., 2016-averted gaze > eye contact	0	0	2	1	0	0	0
Bockler et al., 2016-averted gaze x incongruent > averted  gaze x congruent	0	1	1	0	1	0	0
Bockler et al., 2016-congruent gaze cues > incongruent gaze cues	0	0	0	0	0	0	0
Bockler et al., 2016-eye contact > averted gaze	0	0	1	0	0	0	0
Bockler et al., 2016-eye contact x congruent > averted gaze x congruent	0	0	2	0	0	0	0
Bockler et al., 2016-incongruent gaze cues > congruent gaze cues	0	2	1	0	1	0	0
Braams et al., 2014-Interaction effect Person x Outcome	0	0	0	1	0	0	0
Braams et al., 2014-Main effect of Person	1	0	1	1	0	0	0
Braams et al., 2014-Main effect of outcome	0	0	2	0	1	1	0
Bristow et al., 2007-Incorrect > correct	0	0	2	3	0	0	0
Bristow et al., 2007-Incorrect > correct masked by Gaze Shift > No Movement	0	4	5	0	0	0	0
Bristow et al., 2007-Social > unsocial masked by correct > incorrect	2	0	2	4	0	0	0
Bristow et al., 2007-Social > unsocial masked by gaze shift > no movement	0	1	6	0	0	0	0
Bristow et al., 2007-Unsocial > social masked by Gaze Shift > No Movement	0	0	4	0	0	0	0
Bristow et al., 2007-Unsocial > social masked by incorrect > correct	0	1	2	0	1	0	0
Cacioppo et al., 2014-Negative correlation= perception of syncrhony and feelings of social affiliation	0	0	2	0	0	0	0
Cacioppo et al., 2014-Positive correlation= perception of syncrhony and feelings of social affiliation	0	0	1	1	0	0	0
Cacioppo et al., 2014-Synchrony > asynchrony	0	0	1	1	0	0	0
Canessa et al., 2012-affective > cooperative social interactions	0	0	0	5	0	0	0
Canessa et al., 2012-cooperative > affective social interactions	0	5	10	2	5	0	0
Canessa et al., 2012-observation of affective social interactions > landscape pictures	0	0	0	5	0	0	0
Canessa et al., 2012-observation of cooperative social interactions > landscape pictures	0	1	5	0	5	0	0
Canessa et al., 2012-observing cooperative + affective social interactions > landscape pictures	0	0	0	0	0	0	0
Carter et al., 2008-Angry > Happy	0	0	7	1	2	1	0
Carter et al., 2008-Happy > Angry	0	0	1	0	0	0	0
Caruana et al., 2015-(IJA - IJAc) with (RJA - RJAc)	0	0	3	0	3	0	0
Caruana et al., 2015-(IJA − IJAc) − (RJA − RJAc)	1	1	4	1	1	1	0
Caruana et al., 2015-IJA > IJAc	0	1	6	1	3	1	0
Caruana et al., 2015-RJA > RJAc	0	1	4	1	3	0	0
Cassidy et al., 2016-Black > White faces= A. Increased activation with less differentiation disparity	0	0	0	0	0	0	0
Cassidy et al., 2016-Black > White faces= A. Increased activation with less racial trust disparities	0	0	0	0	0	0	0
Cassidy et al., 2016-Black > White faces= A. Increased activation with more differentiation disparity	0	0	1	0	0	0	0
Cassidy et al., 2016-Black > White faces= A. Increased activation with more racial trust disparities	0	0	0	0	0	0	0
Cassidy et al., 2016-Black > White faces= B. Increased connectivity with dorsolateral prefrontal seed (24, 42, 21) with less differentiation disparity	0	0	2	0	0	0	0
Cassidy et al., 2016-Black > White faces= B. Increased connectivity with orbitofrontal cortex (18, 66, 0) with less racial trust disparity	0	0	4	0	1	0	0
Catmur et al., 2008-interaction between observed (hand and foot) and group (Compatible and Incompatible) > baseline during Action Observation task	0	0	2	0	0	0	0
Catmur et al., 2008-observation of both hands and feet > baseline and action execution (hands and feet) > baseline (conjunction analysis)	0	0	3	1	0	0	0
Cazzato et al., 2015-[incongruent > congruent trials]	0	2	3	0	0	0	0
Centelles et al., 2011-social interactions > nonsocial interactions	0	3	6	3	2	1	0
Chauvigne et al., 2018-Activations= Leading > Following (Followers only)	0	0	0	0	0	0	0
Chauvigne et al., 2018-Deactivations= Following > Leading (Followers only)	1	0	4	0	0	1	0
Chauvigne et al., 2018-Deactivations= Following > Leading (Whole-group)	1	0	2	0	0	1	0
Chauvigne et al., 2018a-Following > Conjunction	0	0	5	1	0	1	0
Chauvigne et al., 2018a-Leading + Following + Mutual > Solo + Alone)	0	0	3	2	0	1	0
Chauvigne et al., 2018a-Leading + Solo > Mutual + Alone	0	0	1	1	0	0	0
Chauvigne et al., 2018a-Leading > Conjunction	0	0	1	0	0	0	0
Chauvigne et al., 2018a-Leading > Solo	0	0	0	0	0	0	0
Chauvigne et al., 2018a-Mutual > Conjunction	0	0	1	1	0	1	0
Chauvigne et al., 2018a-[Leading + Solo + Mutual + Alone] > Following	0	0	0	0	0	0	0
Chauvigne et al., 2018b-Activations= Leading > Following (Leaders only)	0	1	0	1	1	0	0
Chauvigne et al., 2018b-Activations= Leading > Following (Whole-group)	0	1	0	0	0	0	0
Chauvigne et al., 2018b-[Leading > Rest] and [Following > Rest] (followers only)	0	0	2	0	0	0	0
Chauvigne et al., 2018b-[Leading > Rest] and [Following > Rest] (leaders only)	0	0	3	0	0	0	0
Chen et al., 2010-Gender > Preference	0	0	1	0	0	0	0
Chen et al., 2010-Preference > Gender	1	1	1	3	1	0	0
Cheng et al., 2010-loved one > self	0	0	0	1	0	0	0
Cheng et al., 2010-loved one > stranger	1	0	0	1	0	0	0
Cheng et al., 2010-pain > no pain	0	1	0	3	0	2	0
Cheng et al., 2010-self > loved one	0	1	0	0	0	1	0
Cheng et al., 2010-self > stranger	0	1	0	1	1	1	0
Cheng et al., 2010-stranger > loved one	0	0	1	0	0	0	0
Cheng et al., 2010-stranger > self	0	0	3	0	0	0	0
Chiao et al., 2009-Collectivism > Individualism	0	0	0	0	0	0	0
Chiao et al., 2009-Contextual > General	0	1	2	2	1	0	0
Chiao et al., 2009-General > Contextual	0	0	0	1	0	0	0
Chiao et al., 2009-Individualism > Collectivism	0	0	1	0	0	1	0
Chiao et al., 2009-Self Judgement ( Contextual > General) > Self-Construal Style Index ( Collectivism > Individualism)	0	0	2	1	0	0	0
Ciaramidaro et al., 2013-0 degrees  > 30 degrees	0	0	1	0	0	0	0
Ciaramidaro et al., 2013-CInt > Pint	0	1	5	1	1	0	0
Ciaramidaro et al., 2013-[(Cint 0 degrees > Cint 30 degrees) > (Pint 0 degrees > Pint 30 degrees)]	0	0	2	1	1	0	0
Ciaramidaro et al., 2013-[CInt > Pint ∩ (Cint 0 degrees > Cint 30 degrees) > (Pint 0 degrees > Pint 30 degrees)]	0	1	1	0	0	0	0
Cikara et al., 2011-Sexualized Female > (Clothed Female & Sexualized Male & Clothed Male)	0	2	1	0	2	0	0
Cikara et al., 2014-Communication > moral (collapsing across self/other)	0	3	7	3	3	1	0
Cikara et al., 2014-Moral > communication (collapsing across self/other)	1	0	0	2	0	0	0
Cikara et al., 2014-Other > Self	3	0	6	0	0	0	0
Cikara et al., 2014-Other > self (collapsing across moral/communication)	0	0	0	0	1	2	0
Cikara et al., 2014-Self > other	0	0	0	3	0	0	0
Cikara et al., 2014-Self > other (collapsing across moral/communication)	0	3	4	0	0	0	0
Cloutier et al., 2011-Incongruent > Congruent	1	2	5	2	2	0	0
Cloutier et al., 2014-Status Level > baseline	0	0	3	0	0	1	0
Cloutier et al., 2014-Status Type > baseline	0	0	0	0	0	0	0
Cloutier et al., 2014-Status Type x Status Level > baseline	0	0	0	1	0	0	0
Contreras et al., 2011-Categorical knowledge (non-social > social)	0	2	1	0	0	0	0
Contreras et al., 2011-Categorical knowledge (social > non-social)	1	0	5	3	0	0	0
Contreras et al., 2013-Belief > Photo (Experiment 2)	1	0	3	1	0	0	0
Contreras et al., 2013-Group Mental > Group Physical (Experiment 1)	1	0	3	1	0	0	0
Contreras et al., 2013-Individual Mental > Individual Physical (Experiment 2)	1	1	2	1	0	0	0
Contreras et al., 2013-Member Mental > Member Physical  (Experiment 1)	1	0	3	2	0	0	0
Cooper et al., 2013-Match > Unrequited	1	0	0	1	0	0	0
Cooper et al., 2013-Mismatched (Rejection + Unrequited) > matched (Match + Disinterest)	0	1	1	0	0	0	0
Cooper et al., 2013-Partners who were given a no > those given a yes	0	0	1	0	0	0	0
Cooper et al., 2013-Partners who were given a yes > those given a no	0	0	1	1	1	1	0
Cooper et al., 2013-Rejection > Disinterest	0	0	0	0	0	0	0
Cooper et al., 2013-Unsigned prediction errors from RL model	0	0	0	1	0	0	0
Cooper et al., 2013-Yes (Match + Unrequited) > No (Rejection + Disinterest)	0	0	2	0	0	1	0
Cross et al., 2019-Main Effect of Agent=  Robot > Human	0	1	23	0	5	0	0
Cross et al., 2019-Main Effect of Agent= Human > Robot	0	0	2	0	0	0	0
Cross et al., 2019-Main Effect of Emotion (rAnE > rArE)	0	0	1	0	0	0	0
Cross et al., 2019-novel Agent repeated Emotion > repeated Agent repeated Emotion	0	0	9	0	0	0	0
Cuevas et al., 2019-gestures + speech > speech	0	0	2	0	0	0	0
Cuevas et al., 2019-interaction (gestures x complexity)	0	0	1	0	0	0	0
Cuevas et al., 2019-low complexity > high complexity	1	0	2	0	0	0	0
Cuevas et al., 2019-speech > gestures + speech	0	1	0	0	0	0	0
Davies-Thompson et al., 2018-(Bimodal > Unimodal faces) ∩ (Bimodal > Unimodal Voices)	0	0	1	0	0	0	0
Davies-Thompson et al., 2018-Incongruent > Congruent	0	4	4	0	3	0	0
Decety et al., 2004-Competition versus cooperation	0	0	1	1	0	0	0
Decety et al., 2004-Competition versus independent	0	2	0	1	1	0	0
Decety et al., 2004-Cooperation versus competition	2	0	0	1	0	0	0
Decety et al., 2004-Cooperation versus independent	0	1	3	0	1	0	0
Derntl et al., 2009-emotion-by-gender of poser interaction (fearful male expressions > fearful female expressions; female expressions of disgust > male expressions of disgust)	0	0	0	0	0	0	0
Derntl et al., 2009-interaction of testosterone and angry male expressions > baseline	0	0	0	0	0	0	0
Derntl et al., 2009-interaction of testosterone and fearful male expressions > baseline	0	0	0	0	0	0	0
Deuse et al., 2016-Main effect of gender Female > Male	0	0	1	0	0	0	0
Deuse et al., 2016-Negative > Positive Social Scenes	0	2	0	2	2	0	0
Deuse et al., 2016-Non-Social > Social Scenes	0	0	3	0	0	0	0
Deuse et al., 2016-Positive > Negative Social Scenes	0	0	1	0	0	0	0
Deuse et al., 2016-Social > Non-Social Scenes	2	0	8	4	3	4	0
Di Cesare et al., 2013-How > What	0	0	0	0	0	0	0
Di Cesare et al., 2013-How > explicit baseline	0	1	2	1	0	0	0
Di Cesare et al., 2013-How > implicit baseline	0	1	10	1	0	1	0
Di Cesare et al., 2013-What > How	0	2	3	0	1	0	0
Di Cesare et al., 2013-What > explicit baseline	0	1	3	0	0	0	0
Di Cesare et al., 2013-What > implicit baseline	0	1	13	1	0	1	0
Di Cesare et al., 2013-What and How > explicit baseline	0	2	3	1	0	0	0
Di Cesare et al., 2013-What and How > implicit baseline	0	1	12	1	0	1	0
Dichter et al., 2008-(Face Targets > Novels) > (Shape Targets > Novels)	0	0	2	1	0	0	0
Dichter et al., 2008-Face Targets > Novels	0	0	1	0	1	0	0
Dichter et al., 2008-Shape Targets > Novels	0	0	0	1	1	0	0
Dimenichi et al., 2016-Competition > No Competition	0	0	3	0	2	0	0
Dimenichi et al., 2016-No Competition > Competition	0	0	2	0	0	0	0
Dungan et al., 2016-Agent-behavior > object-behavior	1	0	1	0	0	0	0
Dungan et al., 2016-Agent-behavior= unexpected > expected	0	1	1	0	0	0	0
Dungan et al., 2016-Agent-mental > agent-behavior	0	0	1	0	0	0	0
Dungan et al., 2016-Agent-mental > object-behavior	1	0	2	1	0	0	0
Dungan et al., 2016-Agent-mental= unexpected > expected	0	0	0	0	0	0	0
Dungan et al., 2016-Object-behavior= unexpected > expected	0	1	0	0	0	0	0
Dungan et al., 2016-Social > non-social	1	0	2	1	0	0	0
Dungan et al., 2016-Unexpected > expected	0	1	2	1	2	2	0
Ebisch et al., 2014-[(hand/human hand > hand/fake hand) − (object/human hand > object/fake hand)]	0	0	0	1	0	0	0
Ebisch et al., 2014-[(object/human hand > object/fake hand) − (hand/human hand > hand/fake hand)]	0	0	1	0	0	0	0
Ebisch et al., 2014-[(object/human hand > object/fake hand) − (hand/human hand > hand/fake hand)] − Target effect [human hand > fake hand] − Modality effect= [hand > object]	0	0	0	0	0	0	0
Ebisch et al., 2014-[(object/human hand > object/fake hand) − (hand/human hand > hand/fake hand)] − Target effect [human hand > fake hand] − Modality effect= [object > hand]	0	0	2	0	0	0	0
Ebisch et al., 2014-[human hand > fake hand] − Modality effect= [object > hand]	0	0	1	0	0	0	0
Egorova et al., 2016-Request > Naming	0	2	1	0	0	0	0
Egorova et al., 2016-Words > Faces	0	0	0	0	0	0	0
Emmerling et al., 2016-Aggressive reaction to provoking opponent > non aggressive reaction to non-provoking opponent	0	0	1	0	1	0	0
Emmerling et al., 2016-Lost > Won	0	0	2	0	0	0	0
Emmerling et al., 2016-Lost against the non-provoking opponent > lost against the provoking opponent	0	0	1	0	0	0	0
Emmerling et al., 2016-Non aggressive reaction to non-provoking opponent > aggressive reaction to provoking opponent	0	0	1	0	0	0	0
Emmerling et al., 2016-Retaliation independent of opponent	0	0	1	0	0	0	0
Emmerling et al., 2016-Retaliation interacting with non-provoking opponent	0	0	1	0	0	0	0
Emmerling et al., 2016-Retaliation interacting with provoking opponent	0	0	1	0	0	0	0
Emmerling et al., 2016-Won > Lost	1	0	2	0	0	2	0
Emonds et al., 2014-Interaction effect between dispositional trust and social value orientation	1	0	0	1	0	0	0
Emonds et al., 2014-Main effect of social value orientation on decision-making	2	0	1	1	2	0	0
Ermer et al., 2006-Cards > Rest	0	0	4	1	0	0	0
Ermer et al., 2006-Cards= Descriptives > Precautions	0	0	1	0	1	0	0
Ermer et al., 2006-Cards= Descriptives > Social Contracts	1	1	0	0	1	0	0
Ermer et al., 2006-Cards= Precautions > Descriptives	0	0	0	0	0	0	0
Ermer et al., 2006-Cards= Precautions > Social Contracts	0	1	2	0	2	0	0
Ermer et al., 2006-Rest > Cards	0	0	0	1	0	0	0
Ermer et al., 2006-Rest > Stories	0	0	3	0	0	0	0
Ermer et al., 2006-Stories > Rest	0	2	3	1	0	0	0
Ermer et al., 2006-Stories= Descriptives > Precautions	0	0	0	0	0	1	0
Ermer et al., 2006-Stories= Precautions > Descriptives	0	0	0	0	0	0	0
Ermer et al., 2006-Stories= Precautions > Social Contracts	0	0	0	0	0	0	0
Ermer et al., 2006-Stories= Social Contracts > Descriptives	0	0	1	0	0	0	0
Ermer et al., 2006-Stories= Social Contracts > Precautions	0	0	0	0	0	0	0
Falk et al., 2013-Buzz effect	1	0	2	1	0	1	0
Falk et al., 2013-Intention effect	1	0	0	1	0	0	0
Falk et al., 2013-Salesperson effect	0	0	1	0	0	0	0
Farrow et al., 2001-Conjunction analysis  Forgivability + Empathic	1	0	0	0	0	0	0
Farrow et al., 2001-Empathic > Forgivability	0	0	1	0	0	0	0
Farrow et al., 2001-Empathic > Social Reasoning	1	0	1	0	0	0	0
Farrow et al., 2001-Forgivability > Empathic	1	0	0	2	0	0	0
Farrow et al., 2001-Forgivability > Social Reasoning	1	0	0	2	0	0	0
Farrow et al., 2011-Social alliance vs. ‘number equal’	1	0	2	4	1	1	0
Farrow et al., 2011-Social hierarchy vs. fame, age, gender and ‘no. higher / lower’	0	1	3	0	0	0	0
Fehr et al., 2014-A&B	0	2	7	0	1	0	0
Fehr et al., 2014-D&E	0	0	4	0	0	0	0
Fehr et al., 2014-a1> n1	0	3	8	0	2	1	0
Fehr et al., 2014-a1>p1	1	1	3	0	3	2	0
Fehr et al., 2014-a2> n2	0	0	6	0	0	0	0
Fehr et al., 2014-a2>p2	0	1	6	0	0	0	1
Fehr et al., 2014-p1> n1	0	2	7	2	1	0	0
Fehr et al., 2014-p1>a1	1	0	3	0	0	0	0
Fehr et al., 2014-p2>a2	0	0	2	1	0	0	0
Fehr et al., 2014-p2>n2	0	0	6	0	0	0	0
Filkowski et al., 2015-Attitude > Age	1	1	3	1	1	0	0
Filkowski et al., 2015-Distrust > Age	0	0	2	1	1	0	0
Filkowski et al., 2015-Trust > Age	1	0	3	1	1	0	0
Filkowski et al., 2015-Trust > Distrust	0	0	0	1	0	0	0
Fruhholz et al., 2020-vocal > nonvocal	0	0	2	0	0	0	0
George et al., 2001-direct > averted gaze ( across head angles)	0	0	0	0	0	0	0
George et al., 2001-face stimuli > baseline	0	0	1	0	0	0	0
George et al., 2001-frontal > deviated head (across gaze direction)	0	0	1	0	0	0	0
Georgescu et al., 2013-(Contingent > Mirrored) > (Smooth > Rigid)	0	0	1	0	0	0	0
Georgescu et al., 2013-Contingent > Mirrored	0	1	7	0	3	1	0
Georgescu et al., 2013-Mirrored > Contingent	1	0	2	0	0	0	0
Georgescu et al., 2013-Rigid > Smooth	0	0	2	0	0	0	0
Georgescu et al., 2013-meaningful videos > scrambled videos	0	3	8	3	3	0	0
Gilead et al., 2013-Abstract conjunction > Concrete conjunction	0	0	1	0	0	0	0
Gilead et al., 2013-Concrete conjunction > abstract conjunction	0	1	0	1	0	0	0
Gilead et al., 2013-Exemplars > Categories	1	0	1	1	0	0	0
Gilead et al., 2013-How > Why	0	0	1	0	0	0	0
Gilead et al., 2013-Task x Concreteness	0	0	0	1	0	0	0
Gordon et al., 2011-arm > baseline	0	0	2	2	0	0	0
Gordon et al., 2011-arm > palm	0	0	2	0	0	0	0
Gordon et al., 2011-palm > baseline	0	0	0	0	0	0	0
Greven et al., 2016-Bodies > Names	0	0	7	0	2	3	0
Greven et al., 2016-Names > Bodies	0	4	3	1	1	0	0
Greven et al., 2016-Neutral > Traits	0	1	0	0	0	0	0
Greven et al., 2016-Traits > Neutral	2	2	6	3	1	0	0
Greven et al., 2016-[(BodiesTraits > BodiesNeutral) > (NamesTraits > NamesNeutral)]	0	0	1	1	0	0	0
Greven et al., 2016-[(NamesTraits > NamesNeutral) > (BodiesTraits > BodiesNeutral)]	0	0	2	0	0	0	0
Güroğlu et al., 2008-(peer vs. celebrity) x (positive vs. non-positive)	0	0	3	1	0	2	0
Habel et al., 2007-explicit (emotion) > baseline	0	0	0	0	0	3	0
Habel et al., 2007-explicit (emotion) > implicit (age)	0	0	2	0	0	1	0
Habel et al., 2007-implicit (age) > baseline	0	0	2	0	0	1	0
Haist et al., 2010-faces > watches	3	0	0	0	0	0	0
Haist et al., 2010-objects > faces	0	0	10	0	0	0	0
Haist et al., 2010-objects > watches	0	0	0	0	0	0	0
Haist et al., 2010-watches > faces	0	1	5	0	1	0	0
Hamilton et al., 2017-monogamous men compared to nonmonogamous, romantic > neutral contrast	0	0	0	0	1	2	0
Hamilton et al., 2017-monogamous men compared to nonmonogamous, romantic > sexual contrast	0	0	2	0	0	0	0
Han et al., 2016-Activation > Deactivation	0	0	6	2	0	0	0
Han et al., 2016-Agency vs. Communion	0	0	0	0	0	1	0
Han et al., 2016-Communion vs. Agency	0	0	1	0	0	0	0
Han et al., 2016-Deactivation > Activation	0	0	2	3	0	0	0
Hanawa et al., 2016-imitation x difficulty > baseline	0	1	1	2	0	0	0
Hanawa et al., 2016-imitation x familiarity > baseline	1	0	1	0	0	0	0
Hanawa et al., 2016-imitation x rhythm > baseline	0	0	0	0	0	0	0
Hanawa et al., 2016-imitation x urge > baseline	0	0	0	0	0	0	0
Hanawa et al., 2016-observation x difficulty > baseline	0	0	4	2	2	0	0
Hanawa et al., 2016-observation x familiarity > baseline	0	0	1	1	0	0	0
Hanawa et al., 2016-observation x rhythm > baseline	0	0	0	0	0	0	0
Hare et al., 2010-average activity free > forced trials	1	0	1	0	1	0	0
Hare et al., 2010-subjective value during free trials > forced trials	0	0	2	1	0	0	0
Hare et al., 2010-willingness to give + free - forced trials	0	0	2	0	0	1	0
Harris et al., 2007, 2007-SE>NS	0	0	0	1	0	0	0
Harris et al., 2007-Age> Vegetable	0	0	0	0	0	0	0
Harris et al., 2007-Vegetable > Age	1	0	1	3	0	0	0
Harris et al., 2007-interaction between SE>NS and age task	0	0	0	0	0	0	0
Harris et al., 2007-interaction between SE>NS and vegetable task	0	0	0	1	0	0	0
Harris et al., 2007-interaction of Vegetable>Age with NS only	0	0	0	1	0	0	0
Harris et al., 2007-interaction of Vegetable>Age with SE only	0	0	0	1	0	0	0
Harris et al., 2010-competence expectancy violation > consistant competence expectency	0	0	0	0	0	0	0
Harris et al., 2010-consistant competence expectency > competence expectancy violation	0	0	1	0	0	0	0
Harris et al., 2010-consistent warmth expectancy >  warm expectancy violation	0	0	0	0	0	0	0
Harris et al., 2010-warm expectancy violation  >  consistent warmth expectancy	0	0	0	0	2	0	0
Harrison et al., 2009-Interaction between feedback condition and variance in pupil size (positive > negative)	0	0	0	0	0	0	0
Harrison et al., 2009-Main effect of change in observed and observer’s pupil size	0	0	0	0	0	0	0
Harrison et al., 2009-Main effect of viewing eyes	0	0	3	0	1	0	0
Hartung et al., 2019= before treatment > after treatment (decreased activation)-analysis_1	0	0	0	1	0	0	0
Hartung et al., 2019= before treatment > after treatment (increased activation)-analysis_1	0	0	1	0	1	0	0
Hellbernd et al., 2018-Ambiguous > Clear	0	1	0	3	2	0	0
Hellbernd et al., 2018-Clear > Ambiguous	0	0	6	1	0	1	0
Hensel et al., 2013-[(TR−AG)∩(AT−AG)∩(HA−AG)]	0	0	4	0	0	0	0
Hensel et al., 2013-[(TR−HA)∩(AT−HA)∩(AG−HA)]	1	0	1	0	0	0	0
Hensel et al., 2013-[(TR−HA)∩(AT−HA)∩(TR−AG)∩(AT−AG)]	0	0	4	1	0	0	0
Herold et al., 2016-Self-referential > social	0	1	3	2	0	0	0
Herold et al., 2016-Social > self-referential	1	0	3	0	0	1	0
Heyda et al., 2010-Bodies > Places	0	0	3	0	0	2	0
Heyda et al., 2010-Places > Bodies	0	1	1	0	1	0	0
Hoffman et al., 2000-Facial Stimuli > Control (Scrambled)	0	0	6	0	0	0	0
Hortensius et al., 2014-control > bystander	0	0	1	0	0	0	0
Hortensius et al., 2014-falling > standing	0	0	0	0	0	0	0
Hortensius et al., 2014-standing >  falling	0	0	3	0	0	0	0
Hughes et al., 2011-Close Other > Non-Close Other	0	0	0	0	0	0	0
Hughes et al., 2011-Negative > Positive	0	1	0	0	0	0	0
Hughes et al., 2011-Positive > Negative	0	0	0	0	0	0	0
Hughes et al., 2011-Target x Breadth	0	0	0	1	0	0	0
Huis in ‘t Veld et al., 2015-Fear +  happy > neutral	0	0	1	0	0	0	0
Huis in ‘t Veld et al., 2015-Fear + neutral > happy	0	0	1	0	0	0	0
Huis in ‘t Veld et al., 2015-Fear > happy +  neutral	0	1	0	0	0	0	0
Huis in ‘t Veld et al., 2015-Happy > fear + neutral	0	0	2	0	0	0	0
Huis in ‘t Veld et al., 2015-Interactive fear > individual fear	0	0	3	0	1	0	0
Huis in ‘t Veld et al., 2015-Interactive fear > individual fear +  individual neutral > interactive neutral	0	1	0	0	1	0	0
Huis in ‘t Veld et al., 2015-Interactive fear > individual fear + interactive happy > individual happy	0	0	0	0	0	0	0
Huis in ‘t Veld et al., 2015-Interactive fear > individual fear + interactive neutral > individual neutral	0	0	2	0	0	0	0
Huis in ‘t Veld et al., 2015-Interactive neutral > individual neutral	0	0	0	0	0	0	0
Huis in ‘t Veld et al., 2015-Neutral > fear +  happy	0	0	0	0	0	0	0
Huis in ‘t Veld et al., 2015-interactive > individual	0	1	8	0	0	0	0
Iacobani et al., 2004-Relational > alone	1	0	1	1	1	0	0
Ihme et al., 2014-AN > NE	0	1	0	0	0	0	0
Ihme et al., 2014-FE > NE	0	1	0	1	0	2	0
Ihme et al., 2014-HA > NE	0	0	0	1	0	0	0
Isik et al., 2017-interacting > independent action	0	0	1	0	0	0	0
Jankowski et al., 2014-DA > CA	1	0	0	2	0	0	0
Jankowski et al., 2014-DP > CP	0	0	0	2	0	0	0
Jankowski et al., 2014-DS > CS	1	0	0	2	0	0	0
Jankowski et al., 2014-OA > CA	2	0	0	2	0	0	0
Jankowski et al., 2014-OP > CP	1	0	0	1	0	0	0
Jankowski et al., 2014-OS > CS	1	0	0	2	0	0	0
Jankowski et al., 2014-RA > CA	1	0	2	1	0	0	0
Jankowski et al., 2014-RP > CP	1	0	0	2	0	0	0
Jankowski et al., 2014-RS > CS	1	0	2	2	0	0	0
Janowski et al., 2012-Empathic > Self-oriented	0	0	1	0	1	4	0
Janowski et al., 2012-Self-oriented > Empathic	0	0	2	0	0	0	0
Janowski et al., 2012-bid-for-other during empathic choice	0	0	1	1	0	1	0
Janowski et al., 2012-bid-for-self during self-oriented choice	0	1	2	0	0	0	0
Javor et al., 2019-decision-making > results	0	1	1	0	1	0	0
Javor et al., 2019-results > decision-making	0	0	1	0	0	0	0
Jiang et al., 2018-OA > OC	0	0	0	1	0	0	0
Jiang et al., 2018-SA vs. Fixation	0	0	0	0	0	1	0
Jiang et al., 2018-SC > SA	0	0	0	1	0	0	0
Kanazawa et al., 2017-Fingerspelling > Letter	0	0	2	0	0	0	0
Kanazawa et al., 2017-Letter > Fingerspelling	0	0	1	0	0	0	0
Kanske et al., 2015-EmpaToM= (ToM N nonToM questions) > (emotionally negative N neutral video)	1	0	6	4	0	0	0
Kanske et al., 2015-EmpaToM= (emotional N neutral video) > (ToM N nonToM questions)	0	4	2	1	2	0	0
Kanske et al., 2015-EmpaToM= ToM > nonToM questions	1	2	7	3	1	0	0
Kanske et al., 2015-EmpaToM= emotionally negative > neutral video	1	3	3	1	2	1	0
Kawamichi et al., 2016-Significant activation for the (toss – button press) high-frequency effect	0	0	0	0	0	3	0
Kawasaki et al., 2016-(Positive > Neutral) inclusively masked with (Negative > Neutral)	1	1	2	1	0	0	0
Kawasaki et al., 2016-(Positive vs. Neutral) > (Negative vs. Neutral)	0	0	0	0	0	0	0
Kawasaki et al., 2016-Negative > Neutral	1	2	2	1	0	0	0
Kawasaki et al., 2016-Positive > Neutral	0	1	2	1	0	0	0
Kedia et al., 2013-Conjunction analyses of the beauty and height distance effects	0	0	2	1	0	0	0
Kedia et al., 2013-Conjunction analyses of the women and dog distance effects	0	0	2	1	1	0	0
Kedia et al., 2013-Distance effect in the beauty condition > height condition	0	2	2	1	0	0	0
Kedia et al., 2013-Distance effect in the dog condition > women condition	0	2	2	1	2	0	0
Kedia et al., 2013-Distance effect in the height condition > beauty condition	0	0	2	1	1	0	0
Kedia et al., 2013-Distance effect in the women condition > dog condition	0	1	4	1	0	0	0
Kedia et al., 2013-Main effect of judgment= Beauty > height comparisons	0	0	1	0	0	0	0
Kedia et al., 2013-Main effect of judgment= Height > beauty comparisons	0	0	1	0	0	0	0
Kedia et al., 2013-Main effect of judgment= Height > control conditiona	0	0	1	0	0	0	0
Kedia et al., 2013-Main effect of target= Dogs > Women	0	0	2	0	0	0	0
Kedia et al., 2013-Main effect of target= Women > dogs	0	0	3	0	1	0	0
Kelly et al., 2014-H trials − E trials (centroid)	0	0	0	0	1	0	0
Kelly et al., 2014-H trials − E trials (peak)	0	0	1	0	0	0	0
Kestemont et al., 2014-Conjunction analysis (self + other + situation > truth)	1	0	3	0	0	0	0
Kestemont et al., 2014-Other > Truth	1	0	4	1	0	0	0
Kestemont et al., 2014-Self > Truth	1	0	2	0	0	0	0
Kestemont et al., 2014-Situation > Truth	1	0	5	0	0	0	0
Kirk et al., 2016-interaction of accepting unfair offers and  (Post-MT > Pre-MT) > (Post-CT > Pre-CT)	0	0	0	0	0	2	0
Kirk et al., 2016-interaction of accepting unfair offers and  Pre-MT > Pre-CT (conjunction analysis)	0	0	0	0	0	0	0
Klasen et al., 2011-(C Neutral > Incongruent)  ∩ (C Angry > Incongruent)  ∩ (C Happy > Incongruent) corrected	0	0	0	0	0	0	0
Klasen et al., 2011-(C Neutral > Incongruent)  ∩ (C Angry > Incongruent)  ∩ (C Happy > Incongruent) uncorrected	1	0	0	0	0	0	0
Klasen et al., 2011-(CAV >  A) ∩ (CAV >  V)	0	0	2	0	0	4	0
Klasen et al., 2011-(CAV >  A) ∩ (CAV >  V) ∩ (ICAV >  A) ∩ (ICAV >  V)	0	0	2	0	0	2	0
Klasen et al., 2011-(ICAV >  A) ∩ (ICAV >  V)	0	0	3	0	0	2	0
Klasen et al., 2011-CAV > ICAV	0	0	2	0	3	0	0
Klasen et al., 2011-Congruent happy AV > Incongruent	0	0	0	0	0	0	0
Klasen et al., 2011-ICAV > CAV	0	1	0	0	2	0	0
Klimecki et al., 2012-HE > LE videos	0	0	3	1	1	1	0
Klimecki et al., 2012-LE > HE videos	0	0	1	1	0	0	0
Koban et al., 2013-Conflict > No Conflict	0	3	2	1	2	2	0
Koban et al., 2013-[Human (Conflict > No Conflict)] > [Computer (Conflict > No Conflict)]	0	0	0	3	0	0	0
Koban et al., 2013-[Human (Conflict > No Conflict)] \ [Computer (Conflict > No Conflict)]	0	2	0	0	3	0	0
Kohn et al., 2011-cartoons > neutral pictures	1	0	2	3	0	1	0
Koppe et al., 2015-FAC-Angry > Control	0	2	5	2	2	0	0
Koppe et al., 2015-FAC-Angry > FAC-Happy	0	2	0	0	2	0	0
Koppe et al., 2015-FAC-Happy > Control	0	0	1	0	2	0	0
Koppe et al., 2015-[constant ISI > variable ISI] - FAC-Angry	0	0	1	0	0	0	0
Koppe et al., 2015-[constant ISI > variable ISI] - FAC-happy	0	1	0	0	0	1	0
Koppe et al., 2015-[constant ISI > variable ISI] - control task	0	0	0	0	0	0	0
Koppe et al., 2015-[variable ISI > constant ISI] - FAC-angry	0	0	0	0	0	0	0
Koppe et al., 2015-[variable ISI > constant ISI] - control task	0	1	3	1	2	0	0
Korn et al., 2014-(SELF > OTHER) × (GERMAN > CHINESE);	0	0	0	0	0	0	0
Korn et al., 2014-OTHER > SELF	1	1	0	0	0	0	0
Korn et al., 2014-SELF > OTHER	0	0	0	1	1	0	0
Korn et al., 2014-SELF > OTHER (CORRELATION)	0	0	0	0	0	0	0
Krueger et al., 2014-Affect	0	0	0	0	1	0	0
Krueger et al., 2014-Affect x Group	0	0	1	0	0	0	0
Krämer et al., 2010-Emotional > neutral stimuli	0	1	1	2	0	0	0
Krämer et al., 2010-Neutral > emotional stimuli	0	0	0	0	0	0	0
Krämer et al., 2010-Social relation > single person	1	0	4	1	1	0	0
Kumar et al., 2009-Pavlovian > with social task	0	1	0	1	0	2	0
Labek et al., 2016-attachment > neutral	0	0	1	0	0	0	0
Labek et al., 2016-interaction of attachment > neutral with dyadic > monadic	0	0	2	0	0	0	0
Labek et al., 2016-interaction of dyadic scenes with attachment > neutral	0	0	1	0	0	0	0
Lamm et al., 2009-No Pain= Dissimilar > Similar Other	0	4	8	2	4	3	0
Lavoie et al., 2016-Adj > Conf, Response Period	1	0	2	0	0	0	0
Lavoie et al., 2016-Soc > Phy, Response Period	1	0	3	2	0	0	0
Lavoie et al., 2016-Soc > Phy, Time-Point 1	1	0	1	0	0	0	0
Lavoie et al., 2016-Soc > Phy, Time-Point 2	1	0	3	1	0	0	0
Lavoie et al., 2016-SocAdj > PhyConf, Response Period	1	0	3	0	0	0	0
Lavoie et al., 2016-SocAdj > PhyConf, Time-Point 2	0	1	3	0	0	0	0
Lazar et al., 2014-house > faces	0	0	2	0	1	0	0
Lewis et al., 2017-Mentalising > Factual memory	0	0	3	1	0	0	1
Liu et al., 2016-Disgust > Neutral	0	1	6	0	2	0	0
Liu et al., 2016-Disgusted out-group-neutral out-group > Disgusted In-group-neutral in-group	0	0	0	0	2	1	0
Liu et al., 2016-Out-group > In-group	0	0	3	0	0	0	0
Liu et al., 2018-Friend vs Celebrity	1	0	1	1	0	0	0
Liu et al., 2018-Self vs Celebrity	0	0	0	1	0	0	0
Lockwood et al., 2016-no one prediction error > baseline	0	0	0	0	0	0	0
Lockwood et al., 2016-no one prediction error > self prediction error + prosocial prediction error	0	0	2	0	0	0	0
Lockwood et al., 2016-prosocial outcome > self + no one outcome	0	0	1	0	0	2	0
Lockwood et al., 2016-prosocial prediction error > baseline	0	0	0	0	0	2	0
Lockwood et al., 2016-prosocial prediction error > self prediction error + no one prediction error	0	0	0	0	0	1	0
Lockwood et al., 2016-self prediction error + no one prediction error > prosocial prediction error	0	0	2	0	0	0	0
Lockwood et al., 2016-self prediction error > baseline	0	0	0	0	0	2	0
Lotze et al., 2006-Retaliation > Watching opponent	0	0	0	0	0	0	0
Lotze et al., 2006-Retaliation interaction with low CU > High CU	0	0	0	0	0	0	0
Lotze et al., 2006-Watching opponent > Retaliation	0	0	3	0	1	3	0
Lotze et al., 2006-Watching opponent > Retaliation (conjunction)	0	1	3	0	1	1	0
Love et al., 2011-A > Fix	0	0	1	0	2	0	0
Love et al., 2011-A > V	0	0	2	0	0	0	0
Love et al., 2011-AV > Fix	0	0	3	1	0	0	0
Love et al., 2011-V > A	0	0	2	0	0	2	0
Love et al., 2011-V > Fix	0	0	3	1	1	2	0
Luo et al., 2013-painful > non-painful stimuli	0	2	3	1	2	0	0
Luo et al., 2015-social exclusion > social inclusion	1	1	3	1	2	1	0
Mackes et al., 2018-emotional > neutral video clips	0	0	10	0	1	0	0
Mackes et al., 2018-neutral > emotional video clips	1	0	0	0	0	0	0
Mainieri et al., 2013-(IMIO > CTO) ∩ (IMIE > CTE)	0	0	6	1	2	2	0
Mainieri et al., 2013-(S-IMIO>NS-IMIO) > (S-CTO > NS-CTO)	0	0	0	0	0	0	0
Mainieri et al., 2013-[(S-IMIO > NS-IMIO) > (S-CTO > NS-CTO)] > [(S-IMIE > NS-IMIE) > (S-CTE > NS- CTE)]	0	0	0	0	0	0	0
Mainieri et al., 2013-[(S-IMIO > S-CTO) + (S-IMIE > S-CTE)] > [(NS-IMIO > NS-CTO) + (NS-IMIE > NS-CTE)]	0	0	1	0	0	0	0
Mainieri et al., 2013-[S (IMIO + CTO + IMIE + CTE) > NS (IMIO + CTO + IMIE + CTE)]	0	0	0	0	0	0	0
Majdandzic et al., 2016, DISSIMILAR > SIMILAR-analysis_1	0	1	0	0	0	0	0
Majdandzic et al., 2016, PAINFUL > NON-PAINFUL and SELF PAINFUL > NON-PAINFUL-analysis_1	0	1	0	0	1	0	0
Mano et al., 2011-Retrieval of social context > Retrieval of self-generation	0	0	0	1	0	0	1
Materna et al., 2008-finger pointing - gaze following	0	0	0	0	0	0	0
Mattan et al., 2018-EMS (covariate) + IMS x Perceived status (High vs. Low) (negative correlation with status)	0	0	3	0	0	0	0
Mattan et al., 2018-IMS x Perceived status (High vs. Low) (negative correlation with status; excluded EMS covariate)	0	0	3	0	0	0	0
Mazzola et al., 2016-Angry > Joyful session	0	0	0	0	0	0	0
Mazzola et al., 2016-Faces > Grasping	0	0	0	0	0	0	0
Mazzola et al., 2016-Grasping > Faces	0	1	2	0	0	2	0
Mazzola et al., 2016-Interaction analysis between grasping and neutral grasping	0	0	0	0	0	0	0
Mclatchie et al., 2016-Guilt memory reflect > guilt hypothetical reflect	1	2	0	1	1	0	0
Mclatchie et al., 2016-Guilt memory reflect > neutral memory reflect	1	0	2	3	2	1	0
Mende-Siedlecki et al., 2016-First three trials > last two trials	0	0	0	0	0	0	0
Mende-Siedlecki et al., 2016-Last two trials > first three trials	0	1	0	1	0	0	0
Mende-Siedlecki et al., 2016-Merely Inconsistent & Control >Positive-to-Negative & Negative-to-Positive	0	0	0	0	0	0	0
Mende-Siedlecki et al., 2016-Negative-to-Positive, Merely Inconsistent, & Control > Positive-to-Negative	0	0	0	0	0	0	0
Mende-Siedlecki et al., 2016-Positive-to-Negative & Negative-to-Positive > Merely Inconsistent & Control	0	1	2	0	0	0	0
Mende-Siedlecki et al., 2016-Positive-to-Negative, Negative-to-Positive, & Merely Inconsistent > Control	0	0	2	0	0	0	0
Miedl et al., 2016-Negative > neutral	0	0	10	3	1	0	0
Miedl et al., 2016-positive > neutral	0	0	1	1	0	0	0
Miedl et al., 2016-positive > neutral and negative > neutral (conjunction analysis)	0	0	1	2	0	0	0
Moll et al., 2012-affiliative > nonaffiliative	1	0	0	1	0	0	0
Montgomery et al., 2008-Facial expressions interaction with view > baseline	0	2	8	0	2	0	0
Montgomery et al., 2008-facial expressions > social hand gestures	0	0	5	0	1	0	0
Montgomery et al., 2008-social hand gestures > facial expressions	0	1	4	0	0	0	0
Montgomery et al., 2008-social hand gestures interaction with (imitate)> baseline same for social hand gestures interaction with (produce)> baseline	0	0	8	0	1	0	0
Morawetz et al., 2016-Decrease > Observe-angry	1	0	1	1	0	0	0
Morawetz et al., 2016-Increase + Decrease > Observe-angry	1	0	1	0	0	0	0
Morawetz et al., 2016-Increase > Observe-angry	1	0	1	0	0	0	0
Morawetz et al., 2016-Observe-angry > Decrease	0	2	7	1	2	5	0
Morawetz et al., 2016-Observe-angry > Increase	0	2	1	0	2	2	0
Morawetz et al., 2016-Observe-angry > Increase + Decrease	0	3	3	2	3	3	0
Morawetz et al., 2016-Observe-angry > Observe-neutral	0	0	3	1	0	0	0
Morawetz et al., 2016-Observe-neutral > Observe-angry	0	2	13	1	3	7	0
Morese et al., 2019-appraisal support group > no support group (run 1 > run 2)	0	0	1	0	0	0	0
Morese et al., 2019-appraisal support group > no support group (run 2 > run 1)	0	0	0	2	0	0	0
Morese et al., 2019-emotional support group > no support group (run 1 > run 2)	0	0	0	0	1	0	0
Murch et al., 2014-frame inconsistent minus frame consistent	0	0	0	1	0	0	0
Murch et al., 2014-negative minus positive frame	0	1	1	1	2	0	0
Murch et al., 2014-positive minus negative frame	0	0	0	1	0	0	0
Murch et al., 2014-task trials vs control trials	0	1	1	2	0	0	0
Nagals., 2015-(IC > NG ∩ ego > allo) (conjunction analysis)	0	0	2	0	0	0	0
Nagals., 2015-(IC-allo>NG-allo)>(IC-ego>NG-ego)	0	3	0	2	2	0	0
Nagals., 2015-(IC-ego>IC-allo)> (NG-ego>NG-allo)	0	0	0	2	0	0	0
Nagals., 2015-IC > NG	0	0	3	1	1	1	0
Nagals., 2015-allo > ego	0	0	5	0	0	0	0
Nagals., 2015-ego > allo	0	0	4	2	0	0	0
Neukel et al., 2019-CON= own>unknown masked with group×(own>unknown)	0	0	0	1	0	0	0
Otti et al., 2015-ToM > R	0	0	2	0	0	0	0
Pehrs et al., 2017-Main effect of context	1	0	6	0	0	0	0
Pehrs et al., 2017-Main effect of music	0	0	1	0	0	2	0
Petrini et al., 2014-(atypical-upright 1 atypical-inverted) 2 (typical-upright 1 typical-inverted)	0	0	2	0	1	0	0
Pierno et al., 2008-Interaction [( Individual gaze + Social No-gaze) - (Individual No-gaze + Social gaze)]	0	0	0	0	0	0	0
Pierno et al., 2008-[( Social gaze + Individual gaze) - ( Social No-gaze + Individual No-gaze)]	0	0	1	0	1	1	0
Pierno et al., 2008-[(Individual gaze + Social No-gaze) - (Individual No-gaze + Social Gaze)	1	3	1	0	0	0	0
Platek et al., 2005-distracter > null	1	0	0	1	0	1	0
Platek et al., 2005-familiar face > distracter	0	1	2	0	0	0	0
Platek et al., 2005-familiar face > self face	0	0	0	0	0	0	0
Platek et al., 2005-self face > distracter	0	0	1	0	0	2	0
Platek et al., 2005-self face > famililar face	0	0	1	1	0	0	0
Podrebarac et al., 2013-Different Gender > Same Gender	0	0	2	0	0	0	0
Polosan et al., 2011-H(I + C) > M(I + C)	0	1	1	3	1	0	0
Polosan et al., 2011-I(H + M) > C(H + M)	0	1	1	1	2	0	0
Polosan et al., 2011-[H(I > C)] > [M(I > C)]	0	0	0	0	1	0	0
Powers et al., 2016-social scenes vs non-social scenes	0	0	2	2	2	0	0
Quadflieg et al., 2015-Incongruent Interactions > Congruent Interactions	0	0	2	0	0	0	0
Quadflieg et al., 2015-Incongruent Interactions > Non-Interactions	0	0	3	0	0	0	0
Quirin et al., 2012-affiliation > power	0	0	0	0	0	0	0
Quirin et al., 2012-power > affiliation	0	0	0	0	0	0	0
Ramsey et al., 2013-Consistent Self (CS) > Consistent Other (CO)	0	4	6	0	3	1	0
Ramsey et al., 2013-Inconsistent Other (IO) > Consistent Other (CO)	0	1	3	0	1	0	0
Ramsey et al., 2013-Inconsistent Self (IS) > Consistent Other (CO)	0	1	3	0	1	1	0
Ramsey et al., 2013-Inconsistent Self (IS) > Consistent Self (CS)	0	0	0	0	0	0	0
Ramsey et al., 2013-Inconsistent Self (IS) > Inconsistent Other (IO)	0	0	0	0	0	0	0
Rauchbauer et al., 2015-Angry (Incongruent > Congruent) masked inclusively with Angry (Incongruent > Congruent) > Happy (Incongruent > Congruent)	0	0	1	0	0	0	0
Rauchbauer et al., 2015-Happy (Incongruent > Congruent) masked inclusively with Happy (Incongruent > Congruent) > Angry (Incongruent > Congruent)	0	0	0	0	0	0	0
Rauchbauer et al., 2015-In-group (Incongruent > Congruent) masked inclusively with In-group (Incongruent > Congruent) > Out-group (Incongruent > Congruent)	0	0	0	0	0	0	0
Rauchbauer et al., 2015-Incongruent > Congruent	0	1	2	1	1	0	0
Rauchbauer et al., 2015-Out-group (Incongruent > Congruent) masked inclusively with Out-group (Incongruent > Congruent) > In-group (Incongruent > Congruent)	0	0	2	1	1	0	0
Redcay et al., 2010a-Live > Recorded	0	2	5	0	1	2	0
Redcay et al., 2010a-Recorded > Live	0	0	0	0	0	0	0
Redcay et al., 2010b-JA > SA	0	0	7	0	1	0	0
Reniers et al., 2014-Empathy > Self-reference	0	0	0	0	0	0	0
Reniers et al., 2014-Empathy ES–EN	1	0	5	1	0	0	0
Reniers et al., 2014-Main effect (ES + TS + SRS) – (EN + TN + SRN)	0	0	4	0	0	0	0
Reniers et al., 2014-Self-reference >  Empathy	0	0	0	0	0	0	0
Reniers et al., 2014-Self-reference SRS–SRN	0	0	1	0	0	0	0
Reniers et al., 2014-ToM > Empathy	0	0	0	0	0	0	0
Reniers et al., 2014-ToM TS–TN	0	0	3	0	0	0	0
Rice et al., 2016-Live > Social	0	0	3	2	0	0	0
Rice et al., 2016-Social > Live	0	0	2	0	0	0	0
Rice et al., 2016-Social > Standard	0	0	0	0	0	0	0
Rilling et al., 2008-PD – Gamble	0	2	2	1	1	0	0
Ruckmann et al., 2015-ingroup members > outgroup members	0	0	4	0	1	0	0
Ruckmann et al., 2015-pain stimuli > neutral stimuli	0	1	2	1	0	1	0
Ruckmann et al., 2015-pain x condition > pain x gender	0	0	1	0	0	2	0
Rudorf et al., 2018-controlled > free condition	0	0	2	0	0	0	0
Saarela et al, 2008-NOISE1 + NOISE2 - REST	0	0	2	0	0	2	0
Saarela et al. 2008-STEP1 + STEP2 - REST	0	0	2	1	0	2	0
Saarela et al., 2008-(STEP2 - NOISE2) - (STEP1 - NOISE1)	0	0	0	0	0	0	0
Saarela et al., 2008-STEP1 - NOISE1	0	0	3	0	0	1	0
Saarela et al., 2008-STEP1 - STEP1	0	0	0	0	0	0	0
Saarela et al., 2008-STEP2 - NOISE2	0	0	3	0	2	0	0
Safron et al., 2018-(Bisexual Women) Female > Male Pictures	0	0	7	0	0	0	0
Safron et al., 2018-(Bisexual Women) Female > Male Videos	0	0	0	0	0	0	0
Safron et al., 2018-(Bisexual Women) Male > Female Pictures	0	0	4	0	0	0	1
Safron et al., 2018-(Bisexual Women) Male > Female Videos	0	0	2	0	0	0	0
Safron et al., 2018-(Heterosexual Women) Female > Male Pictures	0	0	2	0	0	0	0
Safron et al., 2018-(Heterosexual Women) Female > Male Videos	0	0	2	0	0	0	0
Safron et al., 2018-(Heterosexual Women) Male > Female Videos	0	0	1	0	0	0	0
Safron et al., 2018-(Homosexual Women) Female > Male Pictures	0	0	7	0	0	0	0
Safron et al., 2018-(Homosexual Women) Female > Male Videos	0	0	3	0	0	0	0
Safron et al., 2018-(Homosexual Women) Male > Female Videos	0	0	0	0	0	0	0
Saggar et al., 2014-Sociability x Actor-orientation	0	1	7	0	0	0	0
Saggar et al., 2014-Sociability x Face-visibility	0	0	2	0	0	0	0
Saggar et al., 2014-actor’s face-blurred > actor’s face-visible	0	1	7	4	0	0	0
Saggar et al., 2014-actor’s face-visible > actor’s face-blurred	0	0	5	0	0	0	0
Saggar et al., 2014-oriented away > oriented towards	0	0	2	0	0	1	0
Saggar et al., 2014-oriented towards > directed away	0	0	1	0	0	0	0
Saggar et al., 2014-social > nonsocial gestures	0	0	9	0	0	1	0
Sander et al., 2005-Anger > Neutral (AN + NA) > (NN)	0	0	2	0	0	1	0
Sander et al., 2005-Anger to be attended > to be ignored	0	1	3	1	1	0	0
Sander et al., 2005-Anger to-be-attended > Neutral	0	0	1	0	0	0	0
Sander et al., 2005-Anger to-be-ignored > Neutral	1	0	1	0	1	0	0
Sander et al., 2005-anger to be ignored > to be attended	1	0	1	0	0	0	0
Sander et al., 2005-spatial attention to left ear> right ear	1	0	2	2	0	0	0
Sander et al., 2005-spatial attention to right ear> left ear	0	1	0	0	0	0	0
Sapey- Triomphe et al., 2017-Social Interaction  > Neutral Movements	0	1	6	2	2	0	0
Sassa et al., 2007-Communication > Description	0	0	1	4	0	0	0
Sassa et al., 2007-Communication > control	0	0	2	0	0	0	0
Sassa et al., 2007-Description > control	0	0	3	0	0	0	0
Sassa et al., 2007-Familiar communication > unfamiliar communication	0	0	0	1	0	0	0
Sato et al., 2019-(expression > mosaic) × laterality	0	0	3	0	1	0	0
Sato et al., 2019-expression > mosaic	1	0	13	1	4	8	0
Schaefer et al., 2014-Rough Priming x Social Coordination Judgements > rough priming x Familiarity Relationship Judgement	0	0	0	0	0	0	0
Schaefer et al., 2014-Social Coordination Judgement > Relationship Famililarity Judgement	0	0	1	0	1	0	0
Schaefer et al., 2014-Social Coordination Judgements x Rough Priming > no priming	0	1	1	0	1	1	0
Schaefer et al., 2014-Social Coordination Judgements x Rough priming > Smooth priming	0	0	0	0	1	1	0
Scheuerecker et al., 2007-Explicit triplets > Implicit triplet	0	1	7	1	1	0	0
Scheuerecker et al., 2007-Explicit triplets > control stimuli	0	0	0	0	1	0	0
Scheuerecker et al., 2007-Implicit triplets > control stimuli	0	2	3	0	1	2	0
Schilbach et al., 2006-ARB > SOC	0	0	4	0	1	0	0
Schilbach et al., 2006-ME > OTHER	0	0	0	1	0	0	0
Schilbach et al., 2006-OTHER > ME	0	0	2	1	0	0	0
Schilbach et al., 2006-SOC > ARB	0	0	0	2	0	0	0
Schilbach et al., 2006-SOC x ME>Other	0	0	1	1	0	0	0
Schilbach et al., 2006-SOC x OTHER> ME	0	0	1	0	0	0	0
Schilbach et al., 2010-INC > CON	0	1	2	0	1	0	0
Schilbach et al., 2010-INC X SOC	0	1	0	0	0	1	0
Schilbach et al., 2010-OBJ > SOC	0	0	2	0	0	0	0
Schilbach et al., 2010-SOC > OBJ	0	0	0	1	0	2	0
Schmitgen et al., 2016-(EFE ToM − no EFE ToM) − (EFE no ToM − no EFE no ToM)	0	0	0	0	0	1	0
Schmitgen et al., 2016-(EFE no ToM − no EFE no ToM) − (EFE ToM − no EFE ToM)	0	0	1	1	0	0	0
Schmitgen et al., 2016-3rdppA > 1stppV	0	3	11	3	2	0	0
Schmitgen et al., 2016-EFE > no EFE	0	0	0	0	0	0	0
Schmitgen et al., 2016-EFE > no EFE with RT reduction	0	2	1	1	0	0	0
Schmitgen et al., 2016-No EFE > EFE	0	2	3	3	6	2	0
Schmitgen et al., 2016-no EFE > EFE with RT reduction	0	0	0	0	0	0	0
Schneider et al., 2014-belief > photo/map trials	1	0	3	0	0	0	0
Scholz et al., 2017-abstract triasl > reading screen	0	0	0	1	0	2	0
Scholz et al., 2017-reading screen > rating screen	0	0	0	4	0	1	2
Schulte-Rüther et al., 2008-Other > high-level baseline	0	3	4	1	1	0	0
Schulte-Rüther et al., 2008-Self > high-level baseline	1	3	3	1	2	0	0
Seehausen et al., 2016-Cognitive empathic (CE) > high level baseline	0	0	0	0	0	0	0
Seehausen et al., 2016-Cognitive unempathic (CN) > cognitive empathic (CE)	0	0	0	1	0	0	0
Seehausen et al., 2016-Cognitive unempathic (CN) > emotional unempathic (EN)	0	0	0	0	0	0	0
Seehausen et al., 2016-Emotional (EE + EN) > cognitive (CE + CN)	0	0	1	0	0	0	0
Seehausen et al., 2016-Emotional Empathic (EE) > emotional unempathic (EN)	0	0	0	0	0	0	0
Seehausen et al., 2016-Emotional empathic (EE) > cognitive empathic (CE)	0	1	0	0	0	0	0
Seehausen et al., 2016-Emotional empathic (EE) > high level baseline	0	1	1	0	0	0	0
Seehausen et al., 2016-Emotional unempathic (EN) > cognitive unempathic (CN)	0	0	0	0	0	0	0
Seehausen et al., 2016-Empathic (EE + CE) > high level baseline	0	0	0	0	0	0	0
Seehausen et al., 2016-Unempathic (EN + CN) > empathic (EE + CE)	0	0	0	0	0	0	0
Seehausen et al., 2016-negative vs positive performance	0	0	1	0	1	0	0
Seitz et al., 2008-Emotional Faces > Control(Scrambled Images)	0	2	5	2	2	2	0
Seitz et al., 2008-Perception of Emotion > Control (Object Detection)	0	1	0	2	0	0	0
Seitz et al., 2008-Shared Emotion > Control (Object Detection)	0	0	0	1	0	2	0
Semrud-Clikeman et al., 2011-negative - positive stimuli	0	0	0	4	4	0	0
Shultz et al., 2012-Communicative > Noncommunicative	0	0	3	0	0	0	0
Silani et al., 2013-Incongruent > Congruent	0	0	1	0	0	0	0
Silani et al., 2013-Other Judgment > Self Judgment	0	0	0	0	0	0	0
Singer et al., 2004-Affective > Neutral faces	0	3	0	1	0	1	0
Singer et al., 2004-Cooperator > Neutral faces	0	2	0	0	0	2	0
Singer et al., 2004-Defector > Neutral faces	0	0	0	0	0	0	0
Smith et al., 2017-Social Judgment > Perceptual Judgment	0	2	3	1	1	1	0
Sokolov et al., 2012-Observation of biological motion displays > observation of scrambled displays	0	0	5	0	1	0	0
Sokolov et al., 2012-observation of biological motion displays > scrambled displays	0	0	5	0	1	0	0
Sperduti et al., 2014-being imitated > rest	0	0	2	0	0	0	0
Sperduti et al., 2014-imitating > rest	0	0	2	0	0	1	0
Sperduti et al., 2014-observation > rest	0	0	4	0	2	0	0
Spunt et al., 2013-Conjunction of all Conditions > Fixation Baseline	0	1	6	1	1	2	0
Spunt et al., 2013-Conjunction of low-load/how-goal condition > low-load/observe-goal condition and high-load/how-goal condition > high-load/observe-goal condition	0	1	0	0	0	0	0
Spunt et al., 2013-Load x Goal > Fixation Baseline	0	0	1	3	0	1	0
Spunt et al., 2013-Low-load/why-goal condition compared with high-load/why-goal condition, low-load/how-goal condition, and high-load/how-goal condition combined	0	0	1	1	0	0	0
Spunt et al., 2013-Modulation by load for any of the four goals	0	0	1	1	0	0	0
Spunt et al., 2015-Decreasing LOA >  Increasing LOA	0	2	1	1	2	0	0
Spunt et al., 2015-High-why + High-how > Low-Why + Low-How	1	0	2	2	0	0	0
Spunt et al., 2015-Increasing LOA > Decreasing LOA	1	0	4	2	0	0	0
Spunt et al., 2015-Low-Why + Low-How > High-why + High-how	0	1	0	0	1	0	0
Spunt et al., 2015-Why > How (All stimuli)	0	2	3	0	0	0	0
Spunt et al., 2015-Why > How (social stimuli)	0	0	0	3	0	0	0
Spunt et al., 2019, HumanEmotion+Expression > PrimateEmotion+Expression & HumanEmotion+Expression > DogEmotion+Expression-analysis_1	1	0	1	1	0	0	0
Spunt et al., 2019, HumanEmotion>Expression & PrimateEmotion>Expression & DogEmotion>Expression-analysis_1	0	1	0	1	0	0	0
Spunt et al., 2019, HumanExpression>Emotion & PrimateExpression>Emotion & DogExpression>Emotion-analysis_1	0	0	0	0	0	0	0
Spunt et al., 2019, PrimateEmotion+Expression > HumanEmotion+Expression & DogEmotion+Expression> HumanEmotion+Expression-analysis_1	1	0	2	2	0	1	0
Spunt et al., 2019, PrimateFace > HumanFace & DogFace > HumanFace-analysis_1	0	0	0	0	0	0	0
Stanley et al., 2016-Conjunction= correlated with social and non-social SPE	0	0	1	1	1	0	0
Stanley et al., 2016-Conjunction= correlated with social and non-social predictability	0	0	2	0	0	0	0
Stanley et al., 2016-Gifters > Lotteries at time of estimate	1	1	2	1	0	0	0
Stanley et al., 2016-Gifters > Lotteries at time of outcome	1	0	3	0	0	0	0
Stanley et al., 2016-Lotteries > Gifters at time of estimate	0	0	1	0	0	0	0
Stanley et al., 2016-Lotteries > Gifters at time of outcome	0	0	0	0	0	0	0
Steinbeis et al., 2008-compositions > computer-generated pieces	0	1	4	1	0	0	0
Sugiura et al., 2008-Face (simple effect) [Ff–Sf]	0	0	0	0	0	0	0
Sugiura et al., 2008-Face (simple effect) [Sf+Ff–2Cf masked by Sf–Cf, and Ff–Cf]	0	0	1	0	0	0	0
Sugiura et al., 2008-Face (simple effect) [Sf–Ff]	0	0	1	0	1	0	0
Sugiura et al., 2008-Face specific (interaction) [(Sf+Ff–2Cf)–(Sn+Fn–2Cn) masked by Sf+Ff–2Cf]	0	0	0	0	0	0	0
Sugiura et al., 2008-Face specific (interaction) [(Sf–Ff)–(Sn–Fn) masked by Sf–Ff]	0	0	0	0	1	0	0
Sugiura et al., 2008-Main effect [(Ff+Fn)–(Sf+Sn) masked by Ff–Sf and Fn–Sn]	0	0	2	0	0	0	0
Sugiura et al., 2008-Main effect [(Sf+Ff+Sn+Fn)–2(Cf+Cn) masked by Sf–Cf, Ff–Cf, Sn–Cn, and Fn–Cn]	0	0	0	2	0	0	0
Sugiura et al., 2008-Name (simple effect) [Sn+Fn–2Cn masked by Sn–Cn, and Fn–Cn]	2	0	0	2	0	1	0
Sugiura et al., 2010-First (P1–F1)	4	0	5	4	3	2	0
Sugiura et al., 2010-Second (P2–F2)	4	0	3	4	2	0	0
Sumiya et al., 2017-SELFGroup−SELFNo > OTHER Group–OTHERNo	0	0	0	0	0	4	0
Sumiya et al., 2017-group > no laughter	0	0	5	0	0	0	0
Sumiya et al., 2017-group > single laughter	0	1	1	3	2	0	0
Sumiya et al., 2017-self > other	0	0	0	1	0	0	0
Sumiya et al., 2017-single > no laughter	0	0	1	0	0	0	0
Sun et al., 2016-(CC-A)Gain > (CC-A)Loss	0	0	0	0	0	0	0
Sun et al., 2016-A > CC	0	0	0	0	0	0	0
Sun et al., 2016-CC > A	0	0	1	2	0	0	0
Sun et al., 2016-Gain > Loss	0	0	0	1	0	0	0
Suslow et al., 2009-Coorelation -- attachment avoidance with brain responses to masked sad faces	0	1	1	0	0	0	0
Suslow et al., 2009-Masked sad faces > neutral faces	0	1	5	0	0	1	0
Suslow et al., 2009-Negative coorelation -- attachment avoidance with brain responsed to masked sad faces	0	0	1	0	0	0	0
Suslow et al., 2009-masked happy faces > neutral faces	0	0	4	0	1	1	0
Suslow et al., 2017-masked disgust > masked neutral	0	0	0	1	0	0	0
Suslow et al., 2017-masked happy faces > masked neutral	0	0	2	0	0	0	0
Suslow et al., 2017-unmasked disgust > unmasked neutral	0	0	0	0	1	0	0
Suzuki et al., 2012-Reward Prediction Error (control) > Reward probability (other)	0	0	0	1	0	0	0
Suzuki et al., 2012-Reward probability (other) >  Reward Prediction Error (control)	0	0	0	1	0	0	0
Suzuki et al., 2012-Reward probability (other) > Reward Prediction Error (other)	0	0	0	1	0	0	0
Suzuki et al., 2012-Simulated-other’s action prediction error > Simulated-other’s reward prediction error	0	0	2	1	2	1	0
Suzuki et al., 2012-Simulated-other’s reward prediction error > Simulated-other’s action prediction error	0	0	0	1	0	0	0
Takahashi et al., 2004-Embarrassment > Neutral	0	1	4	2	0	0	0
Takahashi et al., 2004-Embarrassment > guilt	0	0	1	0	0	0	0
Takahashi et al., 2004-G > N masked E > N	0	0	1	2	0	0	0
Takahashi et al., 2004-Guilt > Embarrassment	0	0	0	0	0	0	0
Takahashi et al., 2004-Guilt > Neutral	0	0	2	1	0	0	0
Tamir et al., 2010-self–other discrepancy during Other judgments	0	1	0	1	1	0	0
Tamir et al., 2010-self–other discrepancy during self trials	0	0	0	0	0	0	0
Tamir et al., 2015-abstract > vivid	1	2	5	2	0	0	0
Tamir et al., 2015-non-social > social	0	1	2	0	1	0	0
Tamir et al., 2015-social > non-social	0	0	1	1	1	0	0
Tamir et al., 2015-vivid > abstract	0	1	1	0	1	0	0
Telzer et al., 2011-Costly-Donation relative to Noncostly-Reward (accept)	0	0	3	1	0	0	0
Telzer et al., 2011-Costly-Donation versus Noncostly-Reward (Family obligtations)	0	0	1	0	0	0	0
Thornton et al., 2013-interaction between sociality and working memory load	0	1	1	1	2	0	0
Thornton et al., 2013-sociality > working memory load	0	0	1	0	2	0	0
Thornton et al., 2013-working memory load > sociality	0	2	0	0	0	0	0
Todorov et al., 2007-face associated with behavior > novel faces	0	0	2	1	0	0	0
Todorov et al., 2007-faces associated with aggressive behaviors > faces associated with disgusting behaviors	0	0	0	0	0	0	0
Todorov et al., 2007-faces associated with disgusting behaviors > faces associated with aggressive behaviors	0	0	1	0	0	0	0
Todorov et al., 2007-faces associated with nice behaviors > faces associated with neutral behaviors	0	0	0	0	0	0	0
Toki et al, 2013-Main effect of face type	0	0	3	0	0	0	0
Toki et al, 2013-Main effect of task	0	2	0	0	0	0	0
Toki et al, 2013-Task by face type interaction	0	5	0	3	1	2	0
Tomova et al., 2017, (INJECTION > QTIP)= STRESS > CONTROL \ (BIOPSY > QTIP)= STRESS > CONTROL-analysis_1	0	1	1	2	0	1	0
Trapp et al., 2014-Other > (self & triad)	1	0	1	0	0	0	0
Trapp et al., 2014-Self > (other & triad)	0	0	0	1	0	0	0
Trapp et al., 2014-Triad > (self & other)	0	1	2	0	0	0	0
Trapp et al., 2014-triad ∩ self ∩ other	1	1	3	2	0	0	0
Tso et al., 2018-Social vs Non-Social	2	0	8	3	0	1	0
Tsoi et al., 2016-Competitive > cooperative (active)	0	1	0	1	0	0	0
Tsoi et al., 2016-Competitive= active > passive	0	1	1	1	1	0	0
Tsoi et al., 2016-Cooperative > competitive (active)	0	0	0	0	0	0	0
Tsoi et al., 2016-Cooperative= active > passive	0	0	2	1	0	0	0
Tylén et al., 2016-Meaning > Physical	0	1	1	0	0	0	0
Tylén et al., 2016-Own > Other (meaning related task)	1	0	1	0	0	0	0
Tylén et al., 2016-Own > Other × Collective > Individual (meaning related task)	0	1	0	1	0	0	0
Tylén et al., 2016-Physical > Meaning	0	0	1	0	0	0	0
Uddin et al., 2005-Other - Self	1	0	2	2	0	0	0
Uddin et al., 2005-Self - Other	0	0	2	0	0	0	0
Ueda et al., 2017-Incongruent > Congruent	0	1	0	0	0	1	0
Van Der Heiden et al., 2013-Conjunction of Other and Self.	0	2	2	1	0	0	0
Van Der Heiden et al., 2013-Other > Self	0	2	2	1	0	0	0
Van Der Heiden et al., 2013-Self > Other	0	0	1	0	0	0	0
Van den Stock et al., 2015-all conditions vs baseline	0	3	5	0	2	1	0
Van den Stock et al., 2015-focus Aggressor > victim	0	0	3	0	0	1	0
Vanlangendonck et al., 2018-Arbitrary > Collaborative	0	6	8	2	4	0	0
Vanlangendonck et al., 2018-Arbitrary > Individual	0	2	2	0	3	4	0
Vanlangendonck et al., 2018-Collaborative > Arbitrary	1	0	5	3	0	0	0
Vanlangendonck et al., 2018-Collaborative > Individual	0	0	1	2	0	0	0
Vanlangendonck et al., 2018-Individual > Arbitrary	0	0	4	0	0	0	0
Vanlangendonck et al., 2018-Individual > Collaborative	0	0	4	0	2	0	0
Volz et al., 2015-difference between sender and reciever payoff > baseline	0	0	0	1	0	0	0
Volz et al., 2015-simple & sophisticated deception > truth	1	0	2	0	0	0	0
Volz et al., 2015-simple deception > truth	1	0	1	2	0	0	0
Volz et al., 2015-sophisticated deception > simple deception	0	1	2	0	0	0	0
Volz et al., 2015-sophisticated deception > truth	0	0	2	0	0	0	0
Volz et al., 2015-truth > simple deception & sophisticated deception	0	0	0	1	2	0	0
Von Der Heide et al., 2013-Faces > Landmarks	1	0	3	2	0	1	0
Von Der Heide et al., 2013-Familiar faces > Novel faces	1	1	3	1	0	0	0
Von Der Heide et al., 2013-Famous faces > Novel faces	0	0	1	0	0	0	0
Von Der Heide et al., 2013-Famous faces > Novel landmarks	1	0	2	3	0	0	0
Von Der Heide et al., 2013-Famous landmarks > Novel landmarks	0	0	0	0	0	0	0
Von Der Heide et al., 2013-Famous ∩ Familiar faces	0	0	0	0	0	0	0
Von Der Heide et al., 2013-Landmarks > Faces	1	0	0	0	0	0	0
Von Der Heide et al., 2013-Novel faces > Famous faces	0	0	0	0	0	0	0
Von Der Heide et al., 2013-Novel faces > Novel landmarks	1	0	1	1	0	0	0
Von Der Heide et al., 2013-Novel landmarks > Famous faces	1	2	3	0	2	0	0
Von Der Heide et al., 2013-Novel landmarks > Famous landmarks	0	0	1	1	3	0	0
Von Der Heide et al., 2013-Novel landmarks > Novel faces	1	0	1	0	0	0	0
Völlm et al., 2006-(Empathy - Physical 2) - (ToM - Physical 1)	0	0	1	0	0	1	0
Völlm et al., 2006-(ToM - Physical 1) - (Empathy - Physical 2)	0	0	0	0	0	0	0
Völlm et al., 2006-Conjunction Analysis	0	0	3	0	0	0	0
Völlm et al., 2006-Empathy - Physical 2	0	0	1	1	0	0	0
Völlm et al., 2006-ToM - Physical 1	1	0	2	0	0	0	0
Wade-Bohleber et al., 2019-other> control	1	0	2	1	0	0	0
Wade-Bohleber et al., 2019-self-relevant > control	1	0	2	1	0	0	0
Wagels et al., 2016-FG EX > FG IN	1	0	2	2	0	0	0
Wagels et al., 2016-FG EX > PG EX	0	0	0	0	0	0	0
Wagels et al., 2016-PG EX > FG EX	0	1	3	1	1	0	0
Wagels et al., 2016-PG EX > FG IN	0	2	2	3	1	0	0
Wagels et al., 2016-PG EX > FG IN ∩ FG EX > FG IN (Conjunction)	1	0	1	1	0	0	0
Wagner et al., 2015-Shared_emo > unshared_emo	3	0	1	1	0	0	0
Wagner et al., 2015-Shared_emo > unshared_emo (masked with interaction sharing 􏰀 emotion)	2	0	1	0	0	0	0
Walbrin et al., 2018-conjunction	0	0	1	0	0	0	0
Walbrin et al., 2018a-point light human interactions > individual actions	0	0	1	0	0	0	0
Walbrin et al., 2018b-competition > cooperation	0	0	1	0	0	0	0
Walter et al., 2004a-Cint> Ph-C	2	1	4	3	1	0	0
Walter et al., 2004a-Cint> Pint-1 and Pint-2	0	0	0	1	0	0	0
Walter et al., 2004a-Pint-1> Ph-C	1	0	5	0	0	0	0
Walter et al., 2004a-Pint-2> Ph-C	2	0	5	0	1	1	0
Walter et al., 2004b-Cint> Psint>Pint-1	0	0	0	1	0	0	0
Walter et al., 2004b-Pint-2> Ph-C	1	1	3	3	0	0	0
Walter et al., 2004b-Psint-2> Ph-C	2	1	5	2	0	0	0
Wang et al., 2011-Eye contact effect Simple effect= Direct-Cong > Averted-Cong	0	0	1	0	0	1	0
Wang et al., 2011-Hand movement task Cong > Catch	0	3	1	0	0	0	0
Wang et al., 2011-Hand movement task Incong > Catch	0	1	0	0	0	0	0
Wang et al., 2011-Inhibition of mimicry Main effect= Incong > Cong	0	0	3	0	0	0	0
Wang et al., 2011-Inhibition of mimicry Simple effect= Averted-Incong > averted-Cong	0	0	3	1	2	1	0
Wang et al., 2011-Interaction (Direct-Cong > Direct-Incong) > (Averted-Cong > Averted-Incong)	0	0	2	1	0	0	0
Weng et al., 2015-SUFFERING vs. NEUTRAL	0	0	0	0	0	1	0
Weng et al., 2015-[SUFFERING-NEUTRAL] – PRE[SUFFERING-NEUTRAL]	0	0	1	0	0	0	0
Whitman et al., 2016-O-performance > S - performance	0	0	0	1	0	0	0
Whitman et al., 2016-S-performance > O - performance	1	0	0	1	0	0	0
Wildgruber et al., 2013-CAT > COU	0	2	0	0	1	0	0
Wildgruber et al., 2013-CSL > TIC	1	0	2	0	0	0	0
Wildgruber et al., 2013-TIC > CSL	0	0	1	0	1	1	0
Will et al., 2014-Excluders > Includers	0	1	1	0	2	0	0
Will et al., 2014-Excluders equality > Includers equality	0	0	0	0	4	0	0
Will et al., 2014-Includers > Excluders	0	0	2	0	0	0	0
Will et al., 2014-Positive correlation with punishment frequency (percentage inequality for excluders - percentage inequality for includers)	0	5	3	3	6	2	0
Winston et al., 2002-Explicit > implicit	0	1	1	1	0	0	0
Winston et al., 2002-Iimplicit > Explicit	0	0	0	0	0	0	0
Winston et al., 2002-Trustworthy > Untrustworthy	0	0	0	0	0	0	0
Winston et al., 2002-Untrustworthy > Trustworthy	0	0	2	0	0	1	0
Wlodarski et al., 2016-friend > kin condition	2	0	1	3	0	0	0
Wolf et al., 2010-MC answer theory of mind (ToM)NMC answer physical inference (PI)	1	1	3	0	2	0	0
Wolf et al., 2010-Movie scenes theory of mind (ToM) > movie scenes physical inference (PI)	1	1	2	0	0	0	0
Wolf et al., 2010-Silent answer theory of mind (ToM) > silent answer physical inference (PI)	0	0	1	2	0	0	0
Wolf et al., 2018-non-verbal > verbal interaction types	1	0	1	0	0	0	0
Wolf et al., 2018-verbal > non-verbal interaction types	0	0	2	0	0	0	0
Xie et al., 2016-Social-Look > Social-Reg	0	0	0	0	0	0	0
Xie et al., 2016-Social-Reg > Social-Look	1	1	2	1	0	0	0
Zahn et al., 2007-Positive > negative social concepts	0	1	0	1	0	0	0
Zahn et al., 2007-Social > animal masked by social > fixation	0	1	2	1	2	0	0
Zelinková et al., 2014-CV > NV	0	0	3	0	0	0	0
Zerubavel et al., 2015-target popularity during face-viewing task	1	0	1	2	0	1	0
Zhang et al., 2018-Emotion > Modality (CHECK THIS)	0	3	7	0	1	0	0
Zhang et al., 2018-Modality > Emotion (CHECK THIS)	0	0	8	0	0	0	0
Zhang et al., 2018-Modality X Emotion(CHECK THIS)	0	0	21	0	0	0	0
Zhou et al., 2014-FAIR < UNFAIR	0	0	0	1	2	0	0
Zhou et al., 2014-FAIR > UNFAIR	0	0	0	1	0	0	0
Zhou et al., 2014-HIGH(UNFAIR–FAIR) > LOW(UNFAIR–FAIR)	0	0	0	0	0	0	0
Zhou et al., 2014-HIGH(UNFAIR–FAIR) > LOW(UNFAIR–FAIR) WITHIN HUMAN	0	0	0	0	0	1	0
Zhou et al., 2014-HUMAN > COMPUTER	0	2	0	0	1	0	0
Ziaei et al., 2016-Angry averted gaze > angry direct gaze	0	2	8	1	3	1	0
Ziaei et al., 2016-Happy direct + averted gaze	4	0	6	4	0	0	0
Ziaei et al., 2016-angry direct gaze > angry averted gaze	0	1	0	1	2	1	0
Zimmermann et al., 2018-Touch > Close	0	0	2	0	1	2	0
Zink et al. 2008a-Superior player > inferior player; STABLE HIERARCHY	1	1	3	0	1	2	0
Zink et al. 2008b-Sub lost/inf won > sub lost/inf lost	0	1	4	0	1	2	0
Zink et al. 2008b-Sub won/sup lost > sub won/sup won	0	0	3	3	2	2	0
Zink et al. 2008b-Superior player > inferior player; UNSTABLE HIERARCHY	0	0	4	1	1	3	0
van den Bos et al., 2009-defect > reciprocate	0	0	0	1	0	0	0
van den Bos et al., 2009-reciprocate > defect	0	0	0	0	0	0	0
van den Bos et al., 2009-regression defect > reciprocity (Negative corr. avg. reciprocity)	0	0	0	0	0	1	0
van den Bos et al., 2009-regression defect > reciprocity (Positive corr. avg. reciprocity)	0	1	1	0	1	0	0
Špiláková et al., 2019-Builder (COO > COM) > Other (COO > COM)	0	2	0	0	0	0	0
Špiláková et al., 2019-CN > TB	0	0	5	0	0	4	0
Špiláková et al., 2019-Competition > Cooperation	0	1	0	5	2	0	0
Špiláková et al., 2019-Cooperation > competition	1	0	1	6	0	1	0
Špiláková et al., 2019-Other (COO > COM) > Builder (COO > COM)	0	0	7	3	0	0	0
Špiláková et al., 2019-TB (COO > COM) > CN (COO > COM)	0	0	2	1	0	0	0
